# Blender 5.2.0 LTS
# www.blender.org
mtllib cucumber_vined.mtl
o CukeV_BodyA
v -2.720949 0.880000 -14.322800
v -2.127205 0.880000 -14.642126
v -2.112623 1.253596 -14.514210
v -2.725654 1.075413 -14.268963
v -1.512014 0.880000 -14.719412
v -1.488060 1.315900 -14.599964
v -0.911175 0.880000 -14.812414
v -0.894338 1.350034 -14.646947
v -0.322974 0.880000 -14.791862
v -0.283906 1.340734 -14.634147
v 0.283917 0.880000 -14.792463
v 0.299098 1.348264 -14.644510
v -2.122932 1.446849 -14.184180
v -2.708059 1.192954 -14.101685
v -1.495535 1.551272 -14.218109
v -0.902628 1.632769 -14.244589
v -2.081033 1.455504 -13.813007
v -2.699554 1.179537 -13.902675
v -1.477492 1.568655 -13.776242
v -0.873319 1.650263 -13.749726
v -0.315143 1.630401 -14.243820
v -0.277715 1.648679 -13.750240
v 0.285765 1.662525 -14.254257
v 0.295137 1.621651 -13.759024
v 0.874041 1.597949 -14.233276
v 0.879738 1.607805 -13.763521
v 1.499030 1.564994 -14.222569
v 1.476131 1.541488 -13.785069
v 2.116316 1.448050 -14.184570
v 2.116743 1.467315 -13.809170
v 2.696834 1.204763 -14.105522
v 2.729282 1.204216 -13.894655
v -1.512724 1.313418 -13.403451
v -2.095104 1.231520 -13.516174
v -2.703981 1.064768 -13.745687
v -2.107656 0.880000 -13.376568
v -2.724557 0.880000 -13.684698
v -1.522916 0.880000 -13.246323
v -0.890151 1.340839 -13.365709
v -0.887910 0.880000 -13.245214
v -0.303049 1.341668 -13.364569
v -0.276997 0.880000 -13.180120
v 0.303980 1.354133 -13.347412
v 0.311430 0.880000 -13.150466
v 0.873155 1.335266 -13.373380
v 0.879076 0.880000 -13.249489
v 1.485885 1.298635 -13.423799
v 1.479686 0.880000 -13.256161
v 2.083383 1.236371 -13.509498
v 2.129096 0.880000 -13.367003
v 2.691878 1.080688 -13.723776
v 2.683611 0.880000 -13.680252
v -0.870414 0.411968 -13.355809
v -1.484572 0.458480 -13.419827
v -0.278161 0.386435 -13.320665
v 0.307056 0.399552 -13.338720
v 0.891817 0.434653 -13.387032
v 1.527059 0.473577 -13.440607
v 2.118365 0.506595 -13.486052
v 2.682262 0.692469 -13.741886
v -0.912924 0.110951 -13.750120
v -0.305082 0.119183 -13.752796
v -0.276948 0.113569 -14.249029
v -0.889881 0.140287 -14.240347
v 0.273240 0.091391 -13.743765
v 0.316798 0.075788 -14.261305
v 0.922460 0.164522 -13.767527
v 0.878913 0.124932 -14.245337
v -2.673137 0.564476 -14.102520
v -2.104344 0.284895 -14.193361
v -2.094866 0.524134 -14.489807
v -2.706199 0.685869 -14.267199
v -1.489907 0.221398 -14.213993
v -1.495618 0.445239 -14.598396
v -0.902298 0.437933 -14.608454
v 0.890843 0.428384 -14.621596
v 1.528710 0.454277 -14.585958
v 1.477371 0.880000 -14.713624
v 0.893939 0.880000 -14.778246
v 2.071739 0.522785 -14.491663
v 2.111772 0.880000 -14.635868
v 2.717979 0.684552 -14.269011
v 2.686765 0.880000 -14.314064
v -2.716606 0.578615 -13.902075
v -2.680389 0.688516 -13.736444
v 2.711551 1.068615 -14.259606
v 2.724019 0.564570 -13.897511
v 2.698768 0.558496 -14.104464
vn -0.4615 0.2253 -0.8581
vn -0.1178 0.3258 -0.9381
vn -0.1473 0.2689 -0.9518
vn 0.0330 0.3308 -0.9431
vn -0.0009 0.3239 -0.9461
vn -0.4144 0.7796 -0.4695
vn -0.1552 0.8396 -0.5206
vn -0.0922 0.8138 -0.5738
vn -0.3875 0.9185 0.0785
vn -0.1644 0.9864 -0.0044
vn -0.1376 0.9899 -0.0333
vn 0.0041 0.9994 -0.0356
vn -0.0539 0.9980 -0.0329
vn 0.1060 0.9912 0.0798
vn 0.0516 0.9971 0.0563
vn 0.1889 0.9807 -0.0505
vn 0.3916 0.9189 -0.0476
vn -0.1866 0.8188 0.5430
vn -0.4127 0.3489 0.8414
vn -0.2244 0.3368 0.9145
vn -0.0696 0.2520 0.9652
vn -0.0022 0.2530 0.9675
vn -0.0338 0.3692 0.9288
vn 0.0527 0.2629 0.9634
vn 0.0947 0.2625 0.9603
vn 0.1693 0.3642 0.9158
vn 0.3926 0.3844 0.8355
vn -0.0016 -0.3808 0.9247
vn -0.1031 -0.2324 0.9671
vn -0.0469 -0.3641 0.9302
vn 0.1602 -0.3614 0.9186
vn 0.0106 -0.2948 0.9555
vn 0.1547 -0.3933 0.9063
vn 0.4724 -0.2782 0.8363
vn 0.0133 -0.9982 -0.0591
vn -0.0481 -0.9988 0.0086
vn 0.1142 -0.9909 0.0717
vn -0.4331 -0.6946 -0.5744
vn -0.1009 -0.7726 -0.6268
vn -0.4045 -0.3907 -0.8269
vn -0.2060 -0.2696 -0.9407
vn -0.0205 -0.4192 -0.9077
vn 0.0649 -0.2795 -0.9580
vn 0.1969 -0.2598 -0.9454
vn 0.3563 -0.1555 -0.9213
vn -0.9977 -0.0062 0.0670
vn 0.9998 -0.0081 -0.0189
vn -0.4291 0.3075 -0.8493
vn -0.1573 0.2690 -0.9502
vn -0.0934 0.3336 -0.9381
vn 0.0248 0.3219 -0.9465
vn -0.0208 0.3018 -0.9531
vn -0.4034 0.7681 -0.4973
vn -0.1683 0.8483 -0.5020
vn -0.1390 0.8418 -0.5216
vn -0.4104 0.9116 0.0251
vn -0.1823 0.9827 -0.0312
vn -0.1326 0.9908 -0.0272
vn 0.0026 0.9993 -0.0372
vn 0.0482 0.9955 0.0813
vn 0.0235 0.9995 -0.0213
vn 0.1097 0.9937 -0.0222
vn 0.1170 0.9914 0.0594
vn 0.3873 0.9202 -0.0572
vn -0.2225 0.7833 0.5805
vn -0.4224 0.3262 0.8457
vn -0.2022 0.3677 0.9077
vn -0.0016 0.3409 0.9401
vn -0.0987 0.3644 0.9260
vn -0.0465 0.3826 0.9228
vn 0.1589 0.3809 0.9109
vn 0.0103 0.3716 0.9283
vn 0.1554 0.3839 0.9102
vn 0.4850 0.1662 0.8586
vn -0.1182 -0.2325 0.9654
vn -0.0687 -0.2731 0.9595
vn 0.0358 -0.2738 0.9611
vn 0.0961 -0.2912 0.9518
vn 0.1014 -0.4013 0.9103
vn 0.0899 -0.3049 0.9481
vn 0.4717 -0.2801 0.8361
vn -0.0434 -0.9990 0.0088
vn -0.0630 -0.9977 0.0248
vn 0.0860 -0.9956 0.0373
vn -0.3863 -0.7778 -0.4958
vn -0.2006 -0.8479 -0.4908
vn -0.4551 -0.2770 -0.8463
vn -0.1143 -0.3997 -0.9095
vn -0.1473 -0.2704 -0.9514
vn 0.1041 -0.3266 -0.9394
vn 0.1124 -0.3828 -0.9170
vn 0.4523 -0.3770 -0.8082
vn -0.9833 -0.0230 0.1804
vn -0.7877 0.5785 -0.2116
vn -0.8670 -0.0665 -0.4939
vn -0.9931 0.1062 0.0496
vn -0.9866 -0.0649 0.1494
vn -0.9909 -0.1325 0.0253
vn -0.9980 -0.0629 -0.0112
vn 0.8720 0.0266 -0.4889
vn 0.9523 0.2680 -0.1459
vn 0.9757 0.0073 0.2188
vn 0.9292 -0.1214 0.3491
vn 0.9522 -0.2858 -0.1078
vn 0.9983 0.0181 -0.0552
vn 0.9807 -0.0089 0.1954
s 0
usemtl CukeBase.002
f 4//1 2//1 1//1
f 3//2 5//2 2//2
f 6//3 7//3 5//3
f 8//4 9//4 7//4
f 10//5 11//5 9//5
f 4//6 13//6 3//6
f 3//7 15//7 6//7
f 6//8 16//8 8//8
f 18//9 13//9 14//9
f 17//10 15//10 13//10
f 19//11 16//11 15//11
f 20//12 21//12 16//12
f 22//13 23//13 21//13
f 24//14 25//14 23//14
f 25//15 28//15 27//15
f 27//16 30//16 29//16
f 30//17 31//17 29//17
f 17//18 33//18 19//18
f 35//19 36//19 34//19
f 34//20 38//20 33//20
f 33//21 40//21 39//21
f 40//22 41//22 39//22
f 42//23 43//23 41//23
f 43//24 46//24 45//24
f 46//25 47//25 45//25
f 48//26 49//26 47//26
f 50//27 51//27 49//27
f 54//28 40//28 38//28
f 53//29 42//29 40//29
f 42//30 56//30 44//30
f 56//31 46//31 44//31
f 57//32 48//32 46//32
f 58//33 50//33 48//33
f 50//34 60//34 52//34
f 64//35 62//35 61//35
f 63//36 65//36 62//36
f 65//37 68//37 67//37
f 69//38 71//38 70//38
f 71//39 73//39 70//39
f 72//40 2//40 71//40
f 71//41 5//41 74//41
f 74//42 7//42 75//42
f 76//43 78//43 77//43
f 78//44 80//44 77//44
f 80//45 83//45 82//45
f 85//46 14//46 1//46
f 32//47 87//47 82//47
f 4//48 3//48 2//48
f 3//49 6//49 5//49
f 6//50 8//50 7//50
f 8//51 10//51 9//51
f 10//52 12//52 11//52
f 4//53 14//53 13//53
f 3//54 13//54 15//54
f 6//55 15//55 16//55
f 18//56 17//56 13//56
f 17//57 19//57 15//57
f 19//58 20//58 16//58
f 20//59 22//59 21//59
f 22//60 24//60 23//60
f 24//61 26//61 25//61
f 25//62 26//62 28//62
f 27//63 28//63 30//63
f 30//64 32//64 31//64
f 17//65 34//65 33//65
f 35//66 37//66 36//66
f 34//67 36//67 38//67
f 33//68 38//68 40//68
f 40//69 42//69 41//69
f 42//70 44//70 43//70
f 43//71 44//71 46//71
f 46//72 48//72 47//72
f 48//73 50//73 49//73
f 50//74 52//74 51//74
f 54//75 53//75 40//75
f 53//76 55//76 42//76
f 42//77 55//77 56//77
f 56//78 57//78 46//78
f 57//79 58//79 48//79
f 58//80 59//80 50//80
f 50//81 59//81 60//81
f 64//82 63//82 62//82
f 63//83 66//83 65//83
f 65//84 66//84 68//84
f 69//85 72//85 71//85
f 71//86 74//86 73//86
f 72//87 1//87 2//87
f 71//88 2//88 5//88
f 74//89 5//89 7//89
f 76//90 79//90 78//90
f 78//91 81//91 80//91
f 80//92 81//92 83//92
f 1//93 72//93 69//93
f 69//94 84//94 85//94
f 85//95 37//95 35//95
f 35//96 18//96 14//96
f 14//97 4//97 1//97
f 1//98 69//98 85//98
f 85//99 35//99 14//99
f 82//100 83//100 86//100
f 86//101 31//101 32//101
f 32//102 51//102 52//102
f 52//103 60//103 87//103
f 87//104 88//104 82//104
f 82//105 86//105 32//105
f 32//106 52//106 87//106
o CukeV_BodyB
v 0.283917 0.880000 -14.792463
v 0.893939 0.880000 -14.778246
v 0.908057 1.325434 -14.613087
v 0.299098 1.348264 -14.644510
v 1.477371 0.880000 -14.713624
v 1.529586 1.317985 -14.602835
v 2.111772 0.880000 -14.635868
v 2.092002 1.234138 -14.487429
v 2.686765 0.880000 -14.314064
v 2.711551 1.068615 -14.259606
v 0.874041 1.597949 -14.233276
v 0.285765 1.662525 -14.254257
v 1.499030 1.564994 -14.222569
v 2.116316 1.448050 -14.184570
v 2.696834 1.204763 -14.105522
v -2.699554 1.179537 -13.902675
v -2.081033 1.455504 -13.813007
v -2.095104 1.231520 -13.516174
v -2.703981 1.064768 -13.745687
v -2.724557 0.880000 -13.684698
v -2.107656 0.880000 -13.376568
v -2.126233 0.516526 -13.499721
v -2.680389 0.688516 -13.736444
v -1.522916 0.880000 -13.246323
v -1.484572 0.458480 -13.419827
v -2.117642 0.317613 -13.817269
v -2.716606 0.578615 -13.902075
v -1.500662 0.214424 -13.783741
v -0.870414 0.411968 -13.355809
v -0.912924 0.110951 -13.750120
v -0.278161 0.386435 -13.320665
v -0.305082 0.119183 -13.752796
v 0.307056 0.399552 -13.338720
v 0.273240 0.091391 -13.743765
v 0.891817 0.434653 -13.387032
v 0.922460 0.164522 -13.767527
v 1.527059 0.473577 -13.440607
v 1.478796 0.191156 -13.776180
v 2.118365 0.506595 -13.486052
v 2.114392 0.277625 -13.804276
v 2.682262 0.692469 -13.741886
v 2.724019 0.564570 -13.897511
v -2.104344 0.284895 -14.193361
v -2.673137 0.564476 -14.102520
v -1.489907 0.221398 -14.213993
v -0.889881 0.140287 -14.240347
v 1.471623 0.190234 -14.224119
v 0.878913 0.124932 -14.245337
v 2.101058 0.308804 -14.185593
v 2.698768 0.558496 -14.104464
v -0.902298 0.437933 -14.608454
v -0.320945 0.380456 -14.687563
v -0.322974 0.880000 -14.791862
v -0.911175 0.880000 -14.812414
v 0.317872 0.384050 -14.682617
v 0.890843 0.428384 -14.621596
vn 0.0222 0.3006 -0.9535
vn 0.1034 0.3429 -0.9337
vn 0.1184 0.2302 -0.9659
vn 0.4545 0.3658 -0.8122
vn 0.0603 0.8136 -0.5783
vn 0.0190 0.8392 -0.5436
vn 0.2291 0.8246 -0.5172
vn 0.4030 0.7046 -0.5841
vn -0.4073 0.7382 0.5377
vn -0.4224 -0.3260 0.8457
vn -0.2003 -0.3884 0.8994
vn -0.4382 -0.7670 0.4686
vn -0.1433 -0.8190 0.5556
vn -0.1229 -0.7824 0.6105
vn -0.0678 -0.8466 0.5278
vn 0.0365 -0.7968 0.6032
vn 0.0965 -0.8079 0.5813
vn 0.1004 -0.7683 0.6322
vn 0.0898 -0.8090 0.5809
vn 0.4694 -0.7195 0.5118
vn -0.3968 -0.9176 -0.0213
vn -0.1686 -0.9825 0.0795
vn -0.1722 -0.9848 -0.0203
vn 0.0478 -0.9989 0.0013
vn 0.1306 -0.9878 -0.0853
vn 0.4226 -0.9060 -0.0250
vn -0.1517 -0.2026 -0.9674
vn 0.0088 -0.2157 -0.9764
vn 0.1250 -0.3259 -0.9371
vn 0.0613 0.3453 -0.9365
vn 0.0189 0.2431 -0.9698
vn 0.2403 0.3866 -0.8904
vn 0.3862 0.2087 -0.8985
vn 0.1074 0.7761 -0.6213
vn 0.0528 0.8136 -0.5790
vn 0.1862 0.7954 -0.5768
vn 0.3850 0.7390 -0.5529
vn -0.4043 0.7437 0.5323
vn -0.4474 -0.2664 0.8537
vn -0.1451 -0.3108 0.9393
vn -0.3953 -0.7232 0.5663
vn -0.1683 -0.8374 0.5200
vn -0.1750 -0.8141 0.5537
vn 0.0134 -0.7955 0.6058
vn -0.0490 -0.8481 0.5276
vn 0.1114 -0.7954 0.5958
vn 0.0479 -0.8126 0.5808
vn 0.1322 -0.7677 0.6271
vn 0.4045 -0.6504 0.6430
vn -0.4321 -0.8996 0.0630
vn -0.1034 -0.9945 -0.0187
vn -0.1365 -0.9885 -0.0656
vn 0.1067 -0.9917 0.0724
vn 0.1852 -0.9827 -0.0009
vn 0.3942 -0.9148 -0.0886
vn 0.0317 -0.4182 -0.9078
vn -0.0010 -0.2044 -0.9789
vn 0.0228 -0.2147 -0.9764
s 0
usemtl CukeLight.002
f 92//107 90//107 89//107
f 91//108 93//108 90//108
f 94//109 95//109 93//109
f 96//110 97//110 95//110
f 92//111 99//111 91//111
f 91//112 101//112 94//112
f 101//113 96//113 94//113
f 96//114 103//114 98//114
f 104//115 106//115 105//115
f 111//116 109//116 108//116
f 109//117 113//117 112//117
f 111//118 114//118 110//118
f 110//119 116//119 113//119
f 113//120 118//120 117//120
f 117//121 120//121 119//121
f 119//122 122//122 121//122
f 121//123 124//123 123//123
f 123//124 126//124 125//124
f 125//125 128//125 127//125
f 128//126 129//126 127//126
f 132//127 114//127 115//127
f 131//128 116//128 114//128
f 133//129 118//129 116//129
f 124//130 135//130 126//130
f 126//131 137//131 128//131
f 128//132 138//132 130//132
f 139//133 141//133 140//133
f 140//134 89//134 143//134
f 143//135 90//135 144//135
f 92//136 91//136 90//136
f 91//137 94//137 93//137
f 94//138 96//138 95//138
f 96//139 98//139 97//139
f 92//140 100//140 99//140
f 91//141 99//141 101//141
f 101//142 102//142 96//142
f 96//143 102//143 103//143
f 104//144 107//144 106//144
f 111//145 110//145 109//145
f 109//146 110//146 113//146
f 111//147 115//147 114//147
f 110//148 114//148 116//148
f 113//149 116//149 118//149
f 117//150 118//150 120//150
f 119//151 120//151 122//151
f 121//152 122//152 124//152
f 123//153 124//153 126//153
f 125//154 126//154 128//154
f 128//155 130//155 129//155
f 132//156 131//156 114//156
f 131//157 133//157 116//157
f 133//158 134//158 118//158
f 124//159 136//159 135//159
f 126//160 135//160 137//160
f 128//161 137//161 138//161
f 139//162 142//162 141//162
f 140//163 141//163 89//163
f 143//164 89//164 90//164
o CukeV_BodyC
v -0.894338 1.350034 -14.646947
v -0.283906 1.340734 -14.634147
v -0.315143 1.630401 -14.243820
v -0.902628 1.632769 -14.244589
v 0.299098 1.348264 -14.644510
v 0.285765 1.662525 -14.254257
v -1.477492 1.568655 -13.776242
v -0.873319 1.650263 -13.749726
v -0.890151 1.340839 -13.365709
v -1.512724 1.313418 -13.403451
v -0.277715 1.648679 -13.750240
v -0.303049 1.341668 -13.364569
v 0.295137 1.621651 -13.759024
v 0.303980 1.354133 -13.347412
v 0.879738 1.607805 -13.763521
v 0.873155 1.335266 -13.373380
v 1.476131 1.541488 -13.785069
v 1.485885 1.298635 -13.423799
v 2.116743 1.467315 -13.809170
v 2.083383 1.236371 -13.509498
v 2.729282 1.204216 -13.894655
v 2.691878 1.080688 -13.723776
v -1.489907 0.221398 -14.213993
v -0.889881 0.140287 -14.240347
v -0.902298 0.437933 -14.608454
v -1.495618 0.445239 -14.598396
v -0.276948 0.113569 -14.249029
v -0.320945 0.380456 -14.687563
v 0.316798 0.075788 -14.261305
v 0.317872 0.384050 -14.682617
v 0.878913 0.124932 -14.245337
v 0.890843 0.428384 -14.621596
v 1.471623 0.190234 -14.224119
v 1.528710 0.454277 -14.585958
v 2.101058 0.308804 -14.185593
v 2.071739 0.522785 -14.491663
v 2.698768 0.558496 -14.104464
v 2.717979 0.684552 -14.269011
v -2.720000 0.880000 -14.200000
v -2.720000 1.053205 -14.100000
v -2.920000 0.880000 -14.000000
v -2.720000 1.053205 -13.900000
v -2.720000 0.880000 -13.800000
v -2.720000 0.706795 -13.900000
v -2.720000 0.706795 -14.100000
vn 0.0247 0.8037 -0.5945
vn -0.0212 0.7783 -0.6275
vn -0.1318 0.7747 0.6184
vn 0.0026 0.7823 0.6229
vn 0.0479 0.8380 0.5436
vn 0.0238 0.8194 0.5728
vn 0.1111 0.8138 0.5704
vn 0.1135 0.7808 0.6144
vn 0.3860 0.7054 0.5945
vn -0.1317 -0.7730 -0.6206
vn -0.0446 -0.8554 -0.5161
vn -0.0634 -0.8053 -0.5894
vn 0.0870 -0.8041 -0.5881
vn 0.1077 -0.7755 -0.6221
vn 0.1864 -0.8074 -0.5598
vn 0.3839 -0.7391 -0.5535
vn -0.6547 0.3780 -0.6547
vn -0.6547 0.7559 -0.0000
vn -0.6547 0.3780 0.6547
vn -0.6547 -0.3780 0.6547
vn -0.6547 -0.7559 -0.0000
vn -0.6547 -0.3780 -0.6547
vn 0.0041 0.8182 -0.5749
vn -0.0531 0.7999 -0.5978
vn -0.0703 0.8262 0.5590
vn -0.0023 0.7787 0.6274
vn -0.0336 0.7830 0.6211
vn 0.0526 0.8378 0.5434
vn 0.0950 0.8273 0.5536
vn 0.1640 0.8207 0.5473
vn 0.3887 0.7084 0.5892
vn -0.0192 -0.8641 -0.5029
vn -0.1602 -0.7702 -0.6174
vn 0.0088 -0.8538 -0.5205
vn 0.1260 -0.7741 -0.6203
vn 0.0654 -0.8109 -0.5814
vn 0.1999 -0.7939 -0.5742
vn 0.3741 -0.7568 -0.5361
s 0
usemtl CukeDark.002
f 145//165 147//165 146//165
f 146//166 150//166 149//166
f 151//167 153//167 152//167
f 152//168 156//168 155//168
f 155//169 158//169 157//169
f 157//170 160//170 159//170
f 160//171 161//171 159//171
f 161//172 164//172 163//172
f 163//173 166//173 165//173
f 167//174 169//174 168//174
f 168//175 172//175 171//175
f 171//176 174//176 173//176
f 174//177 175//177 173//177
f 176//178 177//178 175//178
f 178//179 179//179 177//179
f 180//180 181//180 179//180
f 183//181 185//181 184//181
f 184//182 185//182 186//182
f 186//183 185//183 187//183
f 187//184 185//184 188//184
f 188//185 185//185 189//185
f 189//186 185//186 183//186
f 145//187 148//187 147//187
f 146//188 147//188 150//188
f 151//189 154//189 153//189
f 152//190 153//190 156//190
f 155//191 156//191 158//191
f 157//192 158//192 160//192
f 160//193 162//193 161//193
f 161//194 162//194 164//194
f 163//195 164//195 166//195
f 167//196 170//196 169//196
f 168//197 169//197 172//197
f 171//198 172//198 174//198
f 174//199 176//199 175//199
f 176//200 178//200 177//200
f 178//201 180//201 179//201
f 180//202 182//202 181//202
o CukeV_Bumps
v -1.503302 1.474025 -14.352324
v -1.555264 1.513038 -14.271219
v -1.503302 1.590150 -14.341602
v -1.451341 1.513038 -14.271219
v -1.947140 1.230486 -14.559706
v -1.999102 1.302109 -14.505207
v -1.947140 1.338789 -14.602955
v -1.895179 1.302109 -14.505207
v 1.663823 1.517703 -14.216103
v 1.611862 1.538878 -14.128629
v 1.663823 1.629013 -14.181314
v 1.715785 1.538878 -14.128629
v -0.046699 1.153898 -13.272654
v -0.098661 1.067475 -13.247533
v -0.046699 1.124194 -13.159880
v 0.005262 1.067475 -13.247533
v 0.596159 0.506463 -14.670931
v 0.544198 0.588278 -14.708431
v 0.596159 0.519338 -14.786837
v 0.648121 0.588278 -14.708431
v -0.434511 0.905178 -14.773376
v -0.486473 0.994633 -14.763482
v -0.434511 0.975809 -14.866175
v -0.382549 0.994633 -14.763482
v -1.555187 1.095101 -13.324702
v -1.607148 1.007342 -13.304745
v -1.555187 1.058770 -13.213887
v -1.503225 1.007342 -13.304745
v 1.534336 0.999229 -13.294243
v 1.482374 0.909542 -13.286742
v 1.534336 0.947772 -13.189590
v 1.586297 0.909542 -13.286742
v -1.597413 1.167165 -13.368736
v -1.649374 1.082326 -13.338697
v -1.597413 1.143983 -13.254444
v -1.545451 1.082326 -13.338697
v -0.657266 0.343128 -14.570221
v -0.709228 0.413189 -14.626714
v -0.657266 0.327065 -14.685728
v -0.605304 0.413189 -14.626714
v 0.317719 1.639981 -13.962250
v 0.265757 1.628442 -13.872993
v 0.317719 1.731463 -13.889924
v 0.369680 1.628442 -13.872993
v -1.952162 1.464105 -14.181249
v -2.004123 1.482216 -14.093090
v -1.952162 1.574133 -14.142599
v -1.900200 1.482216 -14.093090
v -0.575285 1.298900 -13.362198
v -0.627246 1.220023 -13.318859
v -0.575285 1.294470 -13.245663
v -0.523323 1.220023 -13.318859
v 0.118436 0.140069 -14.319626
v 0.066474 0.181810 -14.399361
v 0.118436 0.079302 -14.419161
v 0.170398 0.181810 -14.399361
v 2.107566 0.833115 -14.632065
v 2.055604 0.923096 -14.630196
v 2.107566 0.895179 -14.730797
v 2.159527 0.923096 -14.630196
v -1.765549 0.268522 -14.215579
v -1.817511 0.306173 -14.297325
v -1.765549 0.202794 -14.311911
v -1.713588 0.306173 -14.297325
v 0.258399 1.616943 -13.770613
v 0.206438 1.583595 -13.687018
v 0.258399 1.687593 -13.677830
v 0.310361 1.583595 -13.687018
v 1.904783 0.393917 -13.597763
v 1.852822 0.343393 -13.672243
v 1.904783 0.277479 -13.591278
v 1.956745 0.343393 -13.672243
v -0.100685 0.136058 -14.291981
v -0.152647 0.175136 -14.373055
v -0.100685 0.072028 -14.389450
v -0.048724 0.175136 -14.373055
v -1.366623 0.551077 -13.356453
v -1.418585 0.474615 -13.403925
v -1.366623 0.447356 -13.303143
v -1.314662 0.474615 -13.403925
v 1.124931 1.577385 -14.129919
v 1.072969 1.586325 -14.040363
v 1.124931 1.682851 -14.080149
v 1.176892 1.586325 -14.040363
v -2.087996 1.458842 -14.011675
v -2.139957 1.451322 -13.921989
v -2.087996 1.553479 -13.943529
v -2.036034 1.451322 -13.921989
v -0.777107 0.429527 -13.346228
v -0.829069 0.359488 -13.402746
v -0.777107 0.320035 -13.306086
v -0.725146 0.359488 -13.402746
v 2.035305 0.373822 -13.642910
v 1.983343 0.329308 -13.721131
v 2.035305 0.257234 -13.645597
v 2.087266 0.329308 -13.721131
v -0.763602 0.503422 -14.654621
v -0.815564 0.584753 -14.693159
v -0.763602 0.514823 -14.770681
v -0.711641 0.584753 -14.693159
v -0.205764 1.637459 -14.085266
v -0.257726 1.640455 -13.995316
v -0.205764 1.739401 -14.028628
v -0.153803 1.640455 -13.995316
v -0.300781 0.449988 -13.283696
v -0.352742 0.376350 -13.335441
v -0.300781 0.343402 -13.236373
v -0.248819 0.376350 -13.335441
v 0.450005 0.473599 -13.310246
v 0.398043 0.399700 -13.361615
v 0.450005 0.367255 -13.262382
v 0.501966 0.399700 -13.361615
v -0.660957 1.667944 -13.806551
v -0.712919 1.640081 -13.720973
v -0.660957 1.744455 -13.718539
v -0.608996 1.640081 -13.720973
v -0.018619 1.460781 -14.491552
v -0.070581 1.513326 -14.418484
v -0.018619 1.576999 -14.501225
v 0.033342 1.513326 -14.418484
v -1.172673 1.627152 -13.817995
v -1.224634 1.599093 -13.732480
v -1.172673 1.703462 -13.729809
v -1.120711 1.599093 -13.732480
v -0.813320 1.482651 -14.460428
v -0.865281 1.531461 -14.384813
v -0.813320 1.599207 -14.464251
v -0.761358 1.531461 -14.384813
v -0.121029 1.116207 -14.717796
v -0.172990 1.199193 -14.682964
v -0.121029 1.210233 -14.786783
v -0.069067 1.199193 -14.682964
v -1.535570 0.756934 -14.692766
v -1.587532 0.846566 -14.700894
v -1.535570 0.807657 -14.797776
v -1.483608 0.846566 -14.700894
v -1.268902 0.530439 -14.627603
v -1.320864 0.612449 -14.664676
v -1.268902 0.543919 -14.743440
v -1.216941 0.612449 -14.664676
v -0.126155 1.645071 -14.000935
v -0.178116 1.638122 -13.911203
v -0.126155 1.740140 -13.933393
v -0.074193 1.638122 -13.911203
v -1.003478 1.157828 -14.709778
v -1.055439 1.238794 -14.670477
v -1.003478 1.255472 -14.773540
v -0.951516 1.238794 -14.670477
v 0.747139 0.222601 -13.633945
v 0.695177 0.185227 -13.715817
v 0.747139 0.106715 -13.646999
v 0.799100 0.185227 -13.715817
v -1.044284 0.281855 -14.398398
v -1.096245 0.337826 -14.468878
v -1.044284 0.240859 -14.507574
v -0.992322 0.337826 -14.468878
v 1.997397 1.039255 -14.587805
v 1.945436 1.123382 -14.555826
v 1.997397 1.130872 -14.659960
v 2.049359 1.123382 -14.555826
v 0.930269 1.610826 -13.805706
v 0.878307 1.580874 -13.720836
v 0.930269 1.685158 -13.715845
v 0.982230 1.580874 -13.720836
v 1.472685 0.784845 -13.311331
v 1.420723 0.697088 -13.331297
v 1.472685 0.704155 -13.227134
v 1.524646 0.697088 -13.331297
v -0.247584 0.097512 -14.201056
v -0.299545 0.126321 -14.286320
v -0.247584 0.021980 -14.289908
v -0.195622 0.126321 -14.286320
v 0.581183 1.632636 -13.816921
v 0.529222 1.604654 -13.731382
v 0.581183 1.709025 -13.728804
v 0.633145 1.604654 -13.731382
v 1.955704 1.331727 -14.402868
v 1.903743 1.384677 -14.330091
v 1.955704 1.447889 -14.413183
v 2.007666 1.384677 -14.330091
v 0.698803 1.305046 -14.635633
v 0.646842 1.375704 -14.579889
v 0.698803 1.414089 -14.676979
v 0.750765 1.375704 -14.579889
vn -0.8295 0.0513 -0.5561
vn -0.0000 0.6741 0.7386
vn 0.8295 0.0513 -0.5561
vn -0.8295 -0.2071 -0.5187
vn -0.0000 0.9363 0.3513
vn 0.8295 -0.2071 -0.5187
vn -0.8295 0.1666 -0.5331
vn -0.0000 0.5046 0.8633
vn 0.8295 0.1666 -0.5331
vn -0.8295 0.5401 0.1423
vn -0.0000 -0.8396 0.5433
vn 0.8295 0.5401 0.1423
vn -0.8295 -0.5551 -0.0617
vn -0.0000 0.7510 -0.6603
vn 0.8295 -0.5551 -0.0617
vn -0.8295 -0.4444 -0.3383
vn -0.0000 0.9836 -0.1803
vn 0.8295 -0.4444 -0.3383
vn -0.8295 0.5307 0.1740
vn -0.0000 -0.8703 0.4926
vn 0.8295 0.5307 0.1740
vn -0.8295 0.5012 0.2464
vn -0.0000 -0.9305 0.3662
vn 0.8295 0.5012 0.2464
vn -0.8295 0.5474 0.1110
vn -0.0000 -0.8070 0.5906
vn 0.8295 0.5474 0.1110
vn -0.8295 -0.5532 0.0769
vn -0.0000 0.5653 -0.8249
vn 0.8295 -0.5532 0.0769
vn -0.8295 0.3464 -0.4381
vn -0.0000 0.1622 0.9868
vn 0.8295 0.3464 -0.4381
vn -0.8295 0.1851 -0.5269
vn -0.0000 0.4742 0.8804
vn 0.8295 0.1851 -0.5269
vn -0.8295 0.5581 0.0212
vn -0.0000 -0.7011 0.7131
vn 0.8295 0.5581 0.0212
vn -0.8295 -0.4767 0.2910
vn -0.0000 0.1896 -0.9819
vn 0.8295 -0.4767 0.2910
vn -0.8295 -0.4728 -0.2972
vn -0.0000 0.9636 -0.2674
vn 0.8295 -0.4728 -0.2972
vn -0.8295 -0.4613 0.3148
vn -0.0000 0.1397 -0.9902
vn 0.8295 -0.4613 0.3148
vn -0.8295 0.4443 -0.3384
vn -0.0000 -0.0880 0.9961
vn 0.8295 0.4443 -0.3384
vn -0.8295 0.0311 0.5576
vn -0.0000 -0.7755 -0.6313
vn 0.8295 0.0311 0.5576
vn -0.8295 -0.4668 0.3066
vn -0.0000 0.1570 -0.9876
vn 0.8295 -0.4668 0.3066
vn -0.8295 0.2553 0.4967
vn -0.0000 -0.9653 -0.2611
vn 0.8295 0.2553 0.4967
vn -0.8295 0.2384 -0.5051
vn -0.0000 0.3811 0.9245
vn 0.8295 0.2384 -0.5051
vn -0.8295 0.3264 -0.4532
vn -0.0000 0.2063 0.9785
vn 0.8295 0.3264 -0.4532
vn -0.8295 0.1922 0.5244
vn -0.0000 -0.9259 -0.3779
vn 0.8295 0.1922 0.5244
vn -0.8295 -0.0129 0.5584
vn -0.0000 -0.7235 -0.6903
vn 0.8295 -0.0129 0.5584
vn -0.8295 -0.5558 -0.0546
vn -0.0000 0.7425 -0.6698
vn 0.8295 -0.5558 -0.0546
vn -0.8295 0.2712 -0.4882
vn -0.0000 0.3191 0.9477
vn 0.8295 0.2712 -0.4882
vn -0.8295 0.2266 0.5105
vn -0.0000 -0.9489 -0.3156
vn 0.8295 0.2266 0.5105
vn -0.8295 0.2292 0.5093
vn -0.0000 -0.9505 -0.3108
vn 0.8295 0.2292 0.5093
vn -0.8295 0.4215 -0.3664
vn -0.0000 -0.0233 0.9997
vn 0.8295 0.4215 -0.3664
vn -0.8295 -0.0463 -0.5566
vn -0.0000 0.7925 0.6099
vn 0.8295 -0.0463 -0.5566
vn -0.8295 0.4223 -0.3655
vn -0.0000 -0.0256 0.9997
vn 0.8295 0.4223 -0.3655
vn -0.8295 -0.0183 -0.5582
vn -0.0000 0.7609 0.6489
vn 0.8295 -0.0183 -0.5582
vn -0.8295 -0.3304 -0.4503
vn -0.0000 0.9944 0.1057
vn 0.8295 -0.3304 -0.4503
vn -0.8295 -0.5029 -0.2429
vn -0.0000 0.9280 -0.3727
vn 0.8295 -0.5029 -0.2429
vn -0.8295 -0.5548 -0.0646
vn -0.0000 0.7544 -0.6564
vn 0.8295 -0.5548 -0.0646
vn -0.8295 0.3235 -0.4553
vn -0.0000 0.2125 0.9772
vn 0.8295 0.3235 -0.4553
vn -0.8295 -0.3054 -0.4676
vn -0.0000 0.9872 0.1598
vn 0.8295 -0.3054 -0.4676
vn -0.8295 -0.0625 0.5550
vn -0.0000 -0.6592 -0.7520
vn 0.8295 -0.0625 0.5550
vn -0.8295 -0.5229 0.1963
vn -0.0000 0.3707 -0.9288
vn 0.8295 -0.5229 0.1963
vn -0.8295 -0.3456 -0.4388
vn -0.0000 0.9974 0.0717
vn 0.8295 -0.3456 -0.4388
vn -0.8295 0.4303 -0.3560
vn -0.0000 -0.0478 0.9989
vn 0.8295 0.4303 -0.3560
vn -0.8295 0.4032 0.3864
vn -0.0000 -0.9977 0.0677
vn 0.8295 0.4032 0.3864
vn -0.8295 -0.4255 0.3617
vn -0.0000 0.0344 -0.9994
vn 0.8295 -0.4255 0.3617
vn -0.8295 0.4220 -0.3658
vn -0.0000 -0.0247 0.9997
vn 0.8295 0.4220 -0.3658
vn -0.8295 -0.0494 -0.5563
vn -0.0000 0.7959 0.6055
vn 0.8295 -0.0494 -0.5563
vn -0.8295 -0.1980 -0.5222
vn -0.0000 0.9300 0.3677
vn 0.8295 -0.1980 -0.5222
s 0
usemtl CukeBump.002
f 190//203 191//203 192//203
f 191//204 193//204 192//204
f 193//205 190//205 192//205
f 194//206 195//206 196//206
f 195//207 197//207 196//207
f 197//208 194//208 196//208
f 198//209 199//209 200//209
f 199//210 201//210 200//210
f 201//211 198//211 200//211
f 202//212 203//212 204//212
f 203//213 205//213 204//213
f 205//214 202//214 204//214
f 206//215 207//215 208//215
f 207//216 209//216 208//216
f 209//217 206//217 208//217
f 210//218 211//218 212//218
f 211//219 213//219 212//219
f 213//220 210//220 212//220
f 214//221 215//221 216//221
f 215//222 217//222 216//222
f 217//223 214//223 216//223
f 218//224 219//224 220//224
f 219//225 221//225 220//225
f 221//226 218//226 220//226
f 222//227 223//227 224//227
f 223//228 225//228 224//228
f 225//229 222//229 224//229
f 226//230 227//230 228//230
f 227//231 229//231 228//231
f 229//232 226//232 228//232
f 230//233 231//233 232//233
f 231//234 233//234 232//234
f 233//235 230//235 232//235
f 234//236 235//236 236//236
f 235//237 237//237 236//237
f 237//238 234//238 236//238
f 238//239 239//239 240//239
f 239//240 241//240 240//240
f 241//241 238//241 240//241
f 242//242 243//242 244//242
f 243//243 245//243 244//243
f 245//244 242//244 244//244
f 246//245 247//245 248//245
f 247//246 249//246 248//246
f 249//247 246//247 248//247
f 250//248 251//248 252//248
f 251//249 253//249 252//249
f 253//250 250//250 252//250
f 254//251 255//251 256//251
f 255//252 257//252 256//252
f 257//253 254//253 256//253
f 258//254 259//254 260//254
f 259//255 261//255 260//255
f 261//256 258//256 260//256
f 262//257 263//257 264//257
f 263//258 265//258 264//258
f 265//259 262//259 264//259
f 266//260 267//260 268//260
f 267//261 269//261 268//261
f 269//262 266//262 268//262
f 270//263 271//263 272//263
f 271//264 273//264 272//264
f 273//265 270//265 272//265
f 274//266 275//266 276//266
f 275//267 277//267 276//267
f 277//268 274//268 276//268
f 278//269 279//269 280//269
f 279//270 281//270 280//270
f 281//271 278//271 280//271
f 282//272 283//272 284//272
f 283//273 285//273 284//273
f 285//274 282//274 284//274
f 286//275 287//275 288//275
f 287//276 289//276 288//276
f 289//277 286//277 288//277
f 290//278 291//278 292//278
f 291//279 293//279 292//279
f 293//280 290//280 292//280
f 294//281 295//281 296//281
f 295//282 297//282 296//282
f 297//283 294//283 296//283
f 298//284 299//284 300//284
f 299//285 301//285 300//285
f 301//286 298//286 300//286
f 302//287 303//287 304//287
f 303//288 305//288 304//288
f 305//289 302//289 304//289
f 306//290 307//290 308//290
f 307//291 309//291 308//291
f 309//292 306//292 308//292
f 310//293 311//293 312//293
f 311//294 313//294 312//294
f 313//295 310//295 312//295
f 314//296 315//296 316//296
f 315//297 317//297 316//297
f 317//298 314//298 316//298
f 318//299 319//299 320//299
f 319//300 321//300 320//300
f 321//301 318//301 320//301
f 322//302 323//302 324//302
f 323//303 325//303 324//303
f 325//304 322//304 324//304
f 326//305 327//305 328//305
f 327//306 329//306 328//306
f 329//307 326//307 328//307
f 330//308 331//308 332//308
f 331//309 333//309 332//309
f 333//310 330//310 332//310
f 334//311 335//311 336//311
f 335//312 337//312 336//312
f 337//313 334//313 336//313
f 338//314 339//314 340//314
f 339//315 341//315 340//315
f 341//316 338//316 340//316
f 342//317 343//317 344//317
f 343//318 345//318 344//318
f 345//319 342//319 344//319
f 346//320 347//320 348//320
f 347//321 349//321 348//321
f 349//322 346//322 348//322
f 350//323 351//323 352//323
f 351//324 353//324 352//324
f 353//325 350//325 352//325
f 354//326 355//326 356//326
f 355//327 357//327 356//327
f 357//328 354//328 356//328
f 358//329 359//329 360//329
f 359//330 361//330 360//330
f 361//331 358//331 360//331
f 362//332 363//332 364//332
f 363//333 365//333 364//333
f 365//334 362//334 364//334
f 366//335 367//335 368//335
f 367//336 369//336 368//336
f 369//337 366//337 368//337
f 370//338 371//338 372//338
f 371//339 373//339 372//339
f 373//340 370//340 372//340
o CukeV_Vines
v -2.200062 1.159321 -14.660991
v -2.220457 1.163213 -14.645177
v -2.220396 1.153169 -14.621087
v -2.199939 1.139233 -14.612811
v -2.179543 1.135341 -14.628625
v -2.179604 1.145385 -14.652715
v -2.128367 1.312559 -14.612185
v -2.159016 1.314540 -14.586163
v -2.157316 1.294185 -14.551476
v -2.124967 1.271848 -14.542809
v -2.094318 1.269867 -14.568832
v -2.096018 1.290222 -14.603519
v -2.055389 1.458072 -14.524301
v -2.097116 1.452604 -14.489814
v -2.095060 1.415220 -14.450334
v -2.051278 1.383305 -14.445340
v -2.009551 1.388774 -14.479827
v -2.011606 1.426157 -14.519307
v -1.982335 1.584079 -14.400718
v -2.035245 1.567533 -14.360372
v -2.032910 1.510451 -14.322459
v -1.977665 1.469916 -14.324895
v -1.924755 1.486462 -14.365241
v -1.927090 1.543543 -14.403153
v -1.909222 1.681855 -14.246286
v -1.973399 1.651532 -14.203811
v -1.970844 1.574173 -14.174631
v -1.904112 1.527137 -14.187927
v -1.839934 1.557460 -14.230403
v -1.842489 1.634819 -14.259583
v -1.836060 1.743963 -14.067911
v -1.911577 1.698381 -14.027860
v -1.908850 1.602436 -14.014754
v -1.830606 1.552073 -14.041700
v -1.755090 1.597655 -14.081752
v -1.757817 1.693600 -14.094857
v -1.762859 1.764712 -13.874217
v -1.849774 1.703812 -13.841594
v -1.846915 1.593256 -13.851425
v -1.757141 1.543601 -13.893880
v -1.670226 1.604501 -13.926503
v -1.673085 1.715057 -13.916672
v -1.689623 1.740548 -13.675116
v -1.787987 1.665788 -13.654959
v -1.785031 1.546709 -13.693461
v -1.683710 1.502391 -13.752121
v -1.585346 1.577151 -13.772278
v -1.588302 1.696229 -13.733775
v -1.616358 1.670322 -13.481272
v -1.726214 1.584664 -13.478227
v -1.723190 1.464926 -13.549421
v -1.610309 1.430846 -13.623661
v -1.500452 1.516504 -13.626706
v -1.503477 1.636242 -13.555511
v -1.542897 1.549284 -13.309374
v -1.657567 1.462165 -13.326287
v -1.654670 1.357071 -13.426146
v -1.537103 1.339094 -13.509090
v -1.422433 1.426213 -13.492177
v -1.425330 1.531308 -13.392319
v -1.469335 1.387310 -13.171125
v -1.584324 1.306602 -13.207027
v -1.581655 1.226215 -13.327674
v -1.463998 1.226534 -13.412418
v -1.349010 1.307241 -13.376516
v -1.351678 1.387629 -13.255870
v -1.395792 1.196860 -13.071290
v -1.511072 1.126573 -13.124161
v -1.508613 1.074855 -13.259602
v -1.390874 1.093424 -13.342172
v -1.275595 1.163711 -13.289301
v -1.278054 1.215429 -13.153860
v -1.322266 0.987130 -13.015641
v -1.437812 0.930701 -13.082646
v -1.435547 0.910191 -13.226171
v -1.317735 0.946110 -13.302690
v -1.202188 1.002540 -13.235684
v -1.204453 1.023050 -13.092160
v -1.248752 0.768445 -13.007743
v -1.364544 0.728581 -13.085384
v -1.362458 0.740274 -13.229897
v -1.244581 0.791831 -13.296769
v -1.128790 0.831696 -13.219128
v -1.130875 0.820003 -13.074615
v -1.175251 0.551738 -13.048744
v -1.291268 0.530294 -13.133037
v -1.289351 0.573596 -13.271407
v -1.171416 0.638342 -13.325485
v -1.055399 0.659785 -13.241193
v -1.057316 0.616483 -13.102822
v -1.101760 0.347979 -13.137284
v -1.217985 0.345880 -13.223958
v -1.216225 0.418642 -13.349368
v -1.098240 0.493502 -13.388104
v -0.982015 0.495601 -13.301431
v -0.983775 0.422839 -13.176021
v -1.028277 0.167608 -13.269548
v -1.144694 0.184814 -13.354259
v -1.143084 0.283441 -13.460538
v -1.025056 0.364862 -13.482105
v -0.908639 0.347656 -13.397394
v -0.910249 0.249028 -13.291116
v -0.954802 0.019985 -13.439436
v -1.071397 0.055505 -13.517979
v -1.069928 0.175135 -13.599903
v -0.951864 0.259245 -13.603283
v -0.835270 0.223726 -13.524740
v -0.836739 0.104095 -13.442816
v -0.881334 -0.087104 -13.638855
v -0.998093 -0.035156 -13.707367
v -0.996758 0.099588 -13.760915
v -0.878666 0.182384 -13.745951
v -0.761907 0.130436 -13.677439
v -0.763242 -0.004307 -13.623891
v -0.807872 -0.147864 -13.858134
v -0.924782 -0.082165 -13.913278
v -0.923577 0.061066 -13.935824
v -0.805462 0.138599 -13.903228
v -0.688552 0.072900 -13.848084
v -0.689757 -0.070331 -13.825538
v -0.734415 -0.158808 -14.086495
v -0.851464 -0.082690 -14.125616
v -0.850383 0.061991 -14.116062
v -0.732252 0.130554 -14.067388
v -0.615202 0.054436 -14.028267
v -0.616284 -0.090245 -14.037821
v -0.660962 -0.118953 -14.312614
v -0.778140 -0.036233 -14.333865
v -0.777179 0.102794 -14.292686
v -0.659038 0.159100 -14.230257
v -0.541860 0.076380 -14.209006
v -0.542821 -0.062646 -14.250185
v -0.587513 -0.029885 -14.525196
v -0.704810 0.055323 -14.527617
v -0.703964 0.181873 -14.456839
v -0.585820 0.223214 -14.383640
v -0.468523 0.138006 -14.381220
v -0.469369 0.011456 -14.451998
v -0.514067 0.104303 -14.713552
v -0.631474 0.187792 -14.697111
v -0.630740 0.295657 -14.600211
v -0.512600 0.320034 -14.519753
v -0.395193 0.236546 -14.536194
v -0.395926 0.128680 -14.633094
v -0.440624 0.277211 -14.868158
v -0.558131 0.354882 -14.833746
v -0.557507 0.438775 -14.715481
v -0.439376 0.444996 -14.631628
v -0.321869 0.367325 -14.666040
v -0.322493 0.283432 -14.784306
v -0.367183 0.480446 -14.981150
v -0.484782 0.548511 -14.930528
v -0.484266 0.604320 -14.796699
v -0.366150 0.592063 -14.713491
v -0.248551 0.523997 -14.764113
v -0.249068 0.468189 -14.897943
v -0.293744 0.704047 -15.046723
v -0.411427 0.759207 -14.982434
v -0.411016 0.784197 -14.839604
v -0.292922 0.754028 -14.761064
v -0.175239 0.698867 -14.825353
v -0.175651 0.673877 -14.968183
v -0.220307 0.936987 -15.061452
v -0.338066 0.976588 -14.986689
v -0.337759 0.969538 -14.841861
v -0.219693 0.922886 -14.771796
v -0.101934 0.883284 -14.846560
v -0.102241 0.890335 -14.991387
v -0.146871 1.167737 -15.024462
v -0.264698 1.189896 -14.942910
v -0.264494 1.151152 -14.803183
v -0.146462 1.090249 -14.745007
v -0.028635 1.068090 -14.826558
v -0.028839 1.106834 -14.966286
v -0.073435 1.384852 -14.937482
v -0.191324 1.388539 -14.853139
v -0.191222 1.320001 -14.725360
v -0.073231 1.247776 -14.681924
v 0.044657 1.244088 -14.766267
v 0.044555 1.312626 -14.894046
v 0.000000 1.577556 -14.804761
v -0.117943 1.562644 -14.721742
v -0.117943 1.467671 -14.612174
v -0.000000 1.387611 -14.585624
v 0.117943 1.402524 -14.668643
v 0.117943 1.497496 -14.778211
v 0.073435 1.736295 -14.632855
v -0.044555 1.703555 -14.555194
v -0.044657 1.586803 -14.469206
v 0.073231 1.502791 -14.460879
v 0.191222 1.535532 -14.538541
v 0.191324 1.652284 -14.624529
v 0.146871 1.853224 -14.430291
v 0.028839 1.804286 -14.361745
v 0.028635 1.671475 -14.303553
v 0.146462 1.587603 -14.313907
v 0.264494 1.636541 -14.382453
v 0.264698 1.769352 -14.440645
v 0.220307 1.922605 -14.207131
v 0.102241 1.859875 -14.151003
v 0.101934 1.717515 -14.123459
v 0.219693 1.637886 -14.152043
v 0.337759 1.700616 -14.208172
v 0.338066 1.842976 -14.235716
v 0.293744 1.941102 -13.974460
v 0.175651 1.867641 -13.933443
v 0.175239 1.722710 -13.937900
v 0.292922 1.651240 -13.983373
v 0.411016 1.724701 -14.024389
v 0.411427 1.869632 -14.019933
v 0.367183 1.907943 -13.743814
v 0.249068 1.827319 -13.719867
v 0.248551 1.686922 -13.756106
v 0.366150 1.627148 -13.816294
v 0.484266 1.707772 -13.840241
v 0.484782 1.848169 -13.804002
v 0.440624 1.824956 -13.526593
v 0.322493 1.741069 -13.520845
v 0.321869 1.612090 -13.587094
v 0.439376 1.566997 -13.659093
v 0.557507 1.650884 -13.664841
v 0.558131 1.779863 -13.598592
v 0.514067 1.696468 -13.333486
v 0.395926 1.613363 -13.346190
v 0.395193 1.502129 -13.439203
v 0.512600 1.473999 -13.519511
v 0.630740 1.557104 -13.506806
v 0.631474 1.668338 -13.413794
v 0.587513 1.529075 -13.173910
v 0.469369 1.450748 -13.204439
v 0.468523 1.362718 -13.319656
v 0.585820 1.353014 -13.404345
v 0.703964 1.431341 -13.373816
v 0.704810 1.519371 -13.258598
v 0.660962 1.331295 -13.055560
v 0.542821 1.261503 -13.102431
v 0.541860 1.201000 -13.234201
v 0.659038 1.210289 -13.319100
v 0.777179 1.280081 -13.272229
v 0.778140 1.340584 -13.140459
v 0.734415 1.113126 -12.984000
v 0.616284 1.055209 -13.044956
v 0.615202 1.025208 -13.186815
v 0.732252 1.053124 -13.267716
v 0.850383 1.111041 -13.206760
v 0.851464 1.141042 -13.064901
v 0.807872 0.885524 -12.962407
v 0.689757 0.842249 -13.034526
v 0.688552 0.844229 -13.179507
v 0.805462 0.889485 -13.252370
v 0.923577 0.932760 -13.180251
v 0.924782 0.930780 -13.035270
v 0.881334 0.659840 -12.991415
v 0.763242 0.633270 -13.071247
v 0.761907 0.667142 -13.212229
v 0.878666 0.727584 -13.273378
v 0.996758 0.754153 -13.193546
v 0.998093 0.720282 -13.052565
v 0.954802 0.447234 -13.069101
v 0.836739 0.438637 -13.152840
v 0.835270 0.502744 -13.282890
v 0.951864 0.575447 -13.329203
v 1.069928 0.584045 -13.245464
v 1.071397 0.519938 -13.115414
v 1.028277 0.258107 -13.191105
v 0.910249 0.267895 -13.274763
v 0.908639 0.359092 -13.387482
v 1.025056 0.440501 -13.416542
v 1.143084 0.430713 -13.332884
v 1.144694 0.339517 -13.220165
v 1.101759 0.101571 -13.350867
v 0.983775 0.129285 -13.430470
v 0.982015 0.243093 -13.520302
v 1.098241 0.329186 -13.530532
v 1.216225 0.301472 -13.450930
v 1.217985 0.187664 -13.361097
v 1.175251 -0.015005 -13.539990
v 1.057316 0.029332 -13.611758
v 1.055399 0.160151 -13.674269
v 1.171416 0.246634 -13.665011
v 1.289351 0.202297 -13.593244
v 1.291268 0.071478 -13.530733
v 1.248752 -0.086362 -13.748679
v 1.130875 -0.027488 -13.809210
v 1.128790 0.113900 -13.841305
v 1.244581 0.196415 -13.812869
v 1.362458 0.137541 -13.752338
v 1.364544 -0.003847 -13.720243
v 1.322265 -0.109597 -13.966269
v 1.204453 -0.038953 -14.012690
v 1.202188 0.106029 -14.012768
v 1.317735 0.180368 -13.966425
v 1.435547 0.109725 -13.920004
v 1.437812 -0.035257 -13.919926
v 1.395792 -0.084292 -14.181776
v 1.278054 -0.005196 -14.211882
v 1.275595 0.136216 -14.179920
v 1.390875 0.198532 -14.117853
v 1.508613 0.119435 -14.087748
v 1.511072 -0.021977 -14.119709
v 1.469335 -0.012512 -14.384472
v 1.351678 0.071329 -14.396821
v 1.349010 0.202168 -14.334379
v 1.463998 0.249166 -14.259588
v 1.581655 0.165326 -14.247239
v 1.584324 0.034486 -14.309681
v 1.542897 0.101336 -14.564436
v 1.425330 0.185993 -14.558420
v 1.422433 0.299762 -14.468570
v 1.537103 0.328875 -14.384735
v 1.654670 0.244218 -14.390751
v 1.657567 0.130448 -14.480601
v 1.616358 0.254305 -14.708656
v 1.503477 0.332632 -14.685463
v 1.500452 0.420108 -14.577047
v 1.610309 0.429257 -14.491825
v 1.723190 0.350930 -14.515018
v 1.726214 0.263454 -14.623434
v 1.689623 0.436213 -14.805696
v 1.588302 0.500571 -14.770155
v 1.585346 0.555593 -14.657751
v 1.683710 0.546256 -14.580886
v 1.785031 0.481898 -14.616426
v 1.787987 0.426876 -14.728830
v 1.762859 0.629866 -14.857886
v 1.673085 0.678941 -14.814763
v 1.670226 0.704372 -14.706724
v 1.757141 0.680727 -14.641809
v 1.846915 0.631651 -14.684932
v 1.849774 0.606221 -14.792971
v 1.836060 0.824543 -14.864851
v 1.757817 0.858367 -14.818825
v 1.755090 0.859019 -14.721992
v 1.830606 0.825846 -14.671185
v 1.908850 0.792022 -14.717211
v 1.911577 0.791370 -14.814044
v 1.909222 1.009930 -14.828702
v 1.842489 1.029770 -14.784030
v 1.839934 1.011871 -14.703312
v 1.904112 0.974132 -14.667264
v 1.970844 0.954292 -14.711936
v 1.973399 0.972191 -14.792654
v 1.982335 1.176681 -14.753845
v 1.927090 1.184847 -14.714066
v 1.924755 1.155425 -14.652179
v 1.977665 1.117836 -14.630072
v 2.032910 1.109670 -14.669851
v 2.035245 1.139093 -14.731738
v 2.055389 1.316903 -14.646664
v 2.011606 1.316493 -14.614363
v 2.009551 1.282721 -14.571753
v 2.051278 1.249361 -14.561441
v 2.095060 1.249771 -14.593742
v 2.097116 1.283543 -14.636353
v 2.128367 1.424560 -14.515103
v 2.096018 1.419154 -14.491763
v 2.094318 1.387709 -14.466689
v 2.124967 1.361669 -14.464955
v 2.157316 1.367074 -14.488296
v 2.159016 1.398520 -14.513370
v 2.200062 1.494630 -14.370349
v 2.179604 1.488417 -14.355379
v 2.179543 1.465997 -14.342016
v 2.199939 1.449791 -14.343623
v 2.220396 1.456004 -14.358593
v 2.220457 1.478424 -14.371956
v -2.150317 1.105022 -13.305520
v -2.130193 1.091197 -13.314745
v -2.129876 1.083703 -13.339744
v -2.149683 1.090033 -13.355517
v -2.169807 1.103858 -13.346292
v -2.170124 1.111352 -13.321294
v -2.080284 1.243253 -13.331623
v -2.048520 1.220887 -13.342173
v -2.046570 1.204816 -13.379029
v -2.076383 1.211111 -13.405334
v -2.108146 1.233477 -13.394785
v -2.110097 1.249547 -13.357928
v -2.009048 1.380295 -13.388061
v -1.966049 1.348051 -13.396534
v -1.963668 1.317055 -13.441188
v -2.004285 1.318303 -13.477368
v -2.047285 1.350547 -13.468895
v -2.049666 1.381543 -13.424241
v -1.937727 1.507731 -13.473752
v -1.883461 1.465935 -13.476805
v -1.880734 1.416719 -13.524464
v -1.932273 1.409298 -13.569070
v -1.986539 1.451095 -13.566017
v -1.989266 1.500311 -13.518358
v -1.866337 1.619287 -13.586725
v -1.800776 1.569161 -13.581115
v -1.797772 1.499804 -13.626092
v -1.860330 1.480573 -13.676680
v -1.925891 1.530699 -13.682290
v -1.928895 1.600056 -13.637313
v -1.794891 1.709152 -13.723705
v -1.718008 1.652780 -13.706507
v -1.714785 1.562933 -13.742586
v -1.788443 1.529459 -13.795864
v -1.865325 1.585832 -13.813063
v -1.868549 1.675679 -13.776983
v -1.723396 1.772240 -13.880221
v -1.635172 1.712482 -13.849031
v -1.631776 1.603478 -13.869864
v -1.716604 1.554232 -13.921887
v -1.804828 1.613990 -13.953077
v -1.808224 1.722994 -13.932244
v -1.651860 1.804425 -14.050763
v -1.552275 1.744794 -14.003882
v -1.548748 1.619661 -14.003407
v -1.644806 1.554160 -14.049811
v -1.744391 1.613792 -14.096692
v -1.747918 1.738925 -14.097168
v -1.580288 1.802752 -14.228991
v -1.469327 1.747239 -14.165580
v -1.465706 1.610618 -14.138433
v -1.573045 1.529512 -14.174698
v -1.684006 1.585026 -14.238109
v -1.687628 1.721646 -14.265255
v -1.508480 1.757731 -14.404768
v -1.392900 1.713213 -14.329373
v -1.389420 1.579043 -14.274499
v -1.501520 1.489390 -14.295019
v -1.617100 1.533908 -14.370414
v -1.620580 1.668079 -14.425288
v -1.436549 1.673803 -14.568095
v -1.320868 1.644037 -14.485894
v -1.317653 1.522788 -14.406438
v -1.430118 1.431305 -14.409183
v -1.545798 1.461071 -14.491384
v -1.549014 1.582320 -14.570840
v -1.364637 1.559126 -14.713664
v -1.248866 1.545110 -14.627492
v -1.245896 1.441215 -14.526387
v -1.358696 1.351337 -14.511455
v -1.474467 1.365354 -14.597627
v -1.477438 1.469248 -14.698731
v -1.292743 1.417536 -14.835664
v -1.176891 1.419731 -14.748495
v -1.174147 1.336980 -14.629458
v -1.287257 1.252035 -14.597590
v -1.403109 1.249840 -14.684759
v -1.405852 1.332591 -14.803796
v -1.220864 1.253961 -14.929124
v -1.104939 1.272271 -14.843969
v -1.102409 1.213673 -14.711362
v -1.215803 1.136765 -14.663907
v -1.331728 1.118455 -14.749062
v -1.334258 1.177052 -14.881669
v -1.148998 1.074234 -14.990111
v -1.033009 1.108011 -14.909919
v -1.030678 1.075691 -14.768586
v -1.144336 1.009593 -14.707446
v -1.260324 0.975816 -14.787639
v -1.262655 1.008136 -14.928971
v -1.077143 0.884878 -15.015900
v -0.961099 0.932939 -14.943448
v -0.958957 0.928060 -14.798547
v -1.072857 0.875122 -14.726095
v -1.188901 0.827061 -14.798547
v -1.191043 0.831940 -14.943448
v -1.005297 0.692857 -15.005078
v -0.889207 0.753521 -14.942885
v -0.887243 0.776251 -14.799691
v -1.001369 0.738317 -14.718690
v -1.117459 0.677652 -14.780883
v -1.119423 0.654922 -14.924077
v -0.933460 0.505306 -14.957621
v -0.817332 0.576456 -14.907853
v -0.815538 0.625957 -14.771576
v -0.929873 0.604308 -14.685066
v -1.046002 0.533159 -14.734834
v -1.047795 0.483657 -14.871111
v -0.861631 0.329261 -14.874899
v -0.745472 0.408408 -14.839295
v -0.743840 0.482872 -14.714887
v -0.858369 0.478188 -14.626081
v -0.974528 0.399040 -14.661685
v -0.976160 0.324577 -14.786094
v -0.789809 0.171380 -14.759639
v -0.673626 0.255754 -14.739449
v -0.672150 0.352467 -14.631424
v -0.786858 0.364807 -14.543590
v -0.903041 0.280434 -14.563780
v -0.904516 0.183720 -14.671804
v -0.717991 0.037689 -14.615821
v -0.601793 0.124328 -14.611759
v -0.600468 0.239775 -14.524036
v -0.715342 0.268582 -14.440375
v -0.831540 0.181943 -14.444437
v -0.832865 0.066496 -14.532160
v -0.646179 -0.066660 -14.448540
v -0.529973 0.019198 -14.460759
v -0.528793 0.149185 -14.396517
v -0.643821 0.193313 -14.320055
v -0.760027 0.107455 -14.307836
v -0.761207 -0.022532 -14.372078
v -0.574372 -0.137587 -14.263812
v -0.458164 -0.055538 -14.291895
v -0.457126 0.084271 -14.253458
v -0.572295 0.142031 -14.186938
v -0.688503 0.059981 -14.158855
v -0.689541 -0.079828 -14.197292
v -0.502568 -0.172251 -14.068348
v -0.386367 -0.096913 -14.111320
v -0.385466 0.047648 -14.100079
v -0.500766 0.116871 -14.045866
v -0.616967 0.041533 -14.002894
v -0.617868 -0.103027 -14.014135
v -0.430767 -0.169161 -13.869304
v -0.314579 -0.103211 -13.925661
v -0.313813 0.040862 -13.942019
v -0.429233 0.118984 -13.902019
v -0.545421 0.053034 -13.845661
v -0.546187 -0.091038 -13.829304
v -0.358968 -0.128242 -13.673999
v -0.242802 -0.074034 -13.741762
v -0.242167 0.064330 -13.785123
v -0.357698 0.148485 -13.760720
v -0.473864 0.094276 -13.692957
v -0.474500 -0.044087 -13.649596
v -0.287172 -0.050844 -13.489647
v -0.171034 -0.010323 -13.566426
v -0.170529 0.117320 -13.635216
v -0.286161 0.204442 -13.627226
v -0.402299 0.163922 -13.550447
v -0.402805 0.036279 -13.481657
v -0.215378 0.060312 -13.323071
v -0.099276 0.085674 -13.406151
v -0.098898 0.197974 -13.497876
v -0.214622 0.284911 -13.506524
v -0.330724 0.259549 -13.423445
v -0.331102 0.147249 -13.331719
v -0.143585 0.201225 -13.180449
v -0.027526 0.210491 -13.266875
v -0.027275 0.303382 -13.378213
v -0.143082 0.387006 -13.403126
v -0.259141 0.377739 -13.316699
v -0.259392 0.284849 -13.205361
v -0.071792 0.366771 -13.067066
v 0.044216 0.359572 -13.153757
v 0.044341 0.429690 -13.280676
v -0.071541 0.507008 -13.320904
v -0.187549 0.514207 -13.234213
v -0.187674 0.444089 -13.107294
v -0.000000 0.550897 -12.987124
v 0.115949 0.527447 -13.070975
v 0.115949 0.572254 -13.208879
v 0.000000 0.640512 -13.262931
v -0.115949 0.663962 -13.179080
v -0.115949 0.619155 -13.041177
v 0.071792 0.746846 -12.943572
v 0.187674 0.707940 -13.021564
v 0.187549 0.725814 -13.165458
v 0.071541 0.782594 -13.231360
v -0.044341 0.821500 -13.153369
v -0.044216 0.803626 -13.009475
v 0.143584 0.947420 -12.937995
v 0.259392 0.894410 -13.007302
v 0.259141 0.884703 -13.151977
v 0.143082 0.928007 -13.227344
v 0.027275 0.981017 -13.158036
v 0.027526 0.990724 -13.013362
v 0.215378 1.145253 -12.970552
v 0.331102 1.080002 -13.028648
v 0.330724 1.043065 -13.168864
v 0.214622 1.071379 -13.250984
v 0.098898 1.136630 -13.192888
v 0.099276 1.173567 -13.052672
v 0.287172 1.333090 -13.039979
v 0.402804 1.257910 -13.084724
v 0.402299 1.195079 -13.215404
v 0.286161 1.207427 -13.301337
v 0.170529 1.282607 -13.256592
v 0.171034 1.345438 -13.125913
v 0.358968 1.504066 -13.143629
v 0.474500 1.421640 -13.173352
v 0.473864 1.335188 -13.289760
v 0.357698 1.331163 -13.376444
v 0.242167 1.413589 -13.346721
v 0.242802 1.500041 -13.230313
v 0.430767 1.651967 -13.277582
v 0.546187 1.565254 -13.291142
v 0.545421 1.458311 -13.389059
v 0.429233 1.438083 -13.473417
v 0.313813 1.524796 -13.459858
v 0.314579 1.631738 -13.361940
v 0.502568 1.771463 -13.436797
v 0.617868 1.683595 -13.433626
v 0.616967 1.560035 -13.509502
v 0.500766 1.524344 -13.588550
v 0.385465 1.612212 -13.591721
v 0.386367 1.735771 -13.515844
v 0.574372 1.858310 -13.615306
v 0.689541 1.772482 -13.595440
v 0.688503 1.636782 -13.646523
v 0.572295 1.586909 -13.717469
v 0.457126 1.672737 -13.737335
v 0.458164 1.808437 -13.686253
v 0.646179 1.909509 -13.806443
v 0.761207 1.828866 -13.770522
v 0.760027 1.685943 -13.794953
v 0.643821 1.623665 -13.855306
v 0.528793 1.704309 -13.891227
v 0.529973 1.847231 -13.866796
v 0.717991 1.923415 -14.003112
v 0.832865 1.850934 -13.952361
v 0.831540 1.705974 -13.949249
v 0.715342 1.633494 -13.996888
v 0.600468 1.705974 -14.047639
v 0.601793 1.850934 -14.050751
v 0.789809 1.899790 -14.198045
v 0.904516 1.838179 -14.134238
v 0.903041 1.696441 -14.103691
v 0.786858 1.616313 -14.136950
v 0.672150 1.677924 -14.200757
v 0.673626 1.819663 -14.231304
v 0.861631 1.839810 -14.384091
v 0.976160 1.791401 -14.309494
v 0.974528 1.658034 -14.252613
v 0.858369 1.573075 -14.270331
v 0.743840 1.621483 -14.344929
v 0.745472 1.754851 -14.401810
v 0.933460 1.746009 -14.554492
v 1.047795 1.712674 -14.471780
v 1.046002 1.592525 -14.390625
v 0.929873 1.505711 -14.392182
v 0.815538 1.539046 -14.474895
v 0.817332 1.659195 -14.556049
v 1.005297 1.622172 -14.703125
v 1.119423 1.605250 -14.615296
v 1.117459 1.502694 -14.512811
v 1.001369 1.417059 -14.498154
v 0.887243 1.433981 -14.585982
v 0.889207 1.536537 -14.688468
v 1.077143 1.473184 -14.824747
v 1.191043 1.473427 -14.735017
v 1.188901 1.392202 -14.614922
v 1.072857 1.310735 -14.584557
v 0.958957 1.310492 -14.674287
v 0.961099 1.391717 -14.794382
v 1.148998 1.304835 -14.915185
v 1.262655 1.322371 -14.826870
v 1.260324 1.265446 -14.693532
v 1.144336 1.190984 -14.648509
v 1.030678 1.173447 -14.736824
v 1.033009 1.230373 -14.870162
v 1.220864 1.123584 -14.971486
v 1.334258 1.157912 -14.887889
v 1.331727 1.127374 -14.746163
v 1.215803 1.062508 -14.688035
v 1.102409 1.028181 -14.771632
v 1.104939 1.058719 -14.913358
v 1.292743 0.936315 -14.992022
v 1.405852 0.986306 -14.916310
v 1.403109 0.983284 -14.771368
v 1.287257 0.930273 -14.702137
v 1.174147 0.880282 -14.777848
v 1.176891 0.883303 -14.922791
v 1.364637 0.750057 -14.976547
v 1.477438 0.813992 -14.911637
v 1.474467 0.838617 -14.768774
v 1.358696 0.799306 -14.690821
v 1.245896 0.735370 -14.755731
v 1.248866 0.710746 -14.898594
v 1.436549 0.571718 -14.926185
v 1.549014 0.647342 -14.874632
v 1.545798 0.698731 -14.739082
v 1.430118 0.674496 -14.655084
v 1.317653 0.598872 -14.706636
v 1.320868 0.547483 -14.842186
v 1.508480 0.407817 -14.843381
v 1.620580 0.492409 -14.807286
v 1.617100 0.568700 -14.684029
v 1.501520 0.560400 -14.596866
v 1.389420 0.475809 -14.632960
v 1.392900 0.399517 -14.756218
v 1.580288 0.268075 -14.727638
v 1.687628 0.355007 -14.709304
v 1.684006 0.449579 -14.607038
v 1.573045 0.457218 -14.523108
v 1.465706 0.370286 -14.541442
v 1.469327 0.275715 -14.643707
v 1.651860 0.161962 -14.584433
v 1.747918 0.242229 -14.583474
v 1.744391 0.343184 -14.509538
v 1.644806 0.363871 -14.436560
v 1.548748 0.283604 -14.437518
v 1.552275 0.182649 -14.511455
v 1.723396 0.087759 -14.427543
v 1.808224 0.158178 -14.440684
v 1.804828 0.258609 -14.393468
v 1.716604 0.288621 -14.333110
v 1.631776 0.218202 -14.319968
v 1.635172 0.117771 -14.367185
v 1.794891 0.046800 -14.263837
v 1.868549 0.105197 -14.287264
v 1.865325 0.199091 -14.263642
v 1.788443 0.234589 -14.216594
v 1.714785 0.176192 -14.193167
v 1.718009 0.082297 -14.216788
v 1.866337 0.038987 -14.100196
v 1.928895 0.084280 -14.129819
v 1.925891 0.166828 -14.125440
v 1.860330 0.204084 -14.091437
v 1.797772 0.158791 -14.061814
v 1.800776 0.076242 -14.066194
v 1.937727 0.062834 -13.943228
v 1.989266 0.095056 -13.974954
v 1.986539 0.162886 -13.984582
v 1.932273 0.198494 -13.962484
v 1.880734 0.166272 -13.930758
v 1.883461 0.098442 -13.921130
v 2.009048 0.115564 -13.798997
v 2.049666 0.135821 -13.829001
v 2.047284 0.187144 -13.846909
v 2.004285 0.218210 -13.834811
v 1.963668 0.197954 -13.804807
v 1.966049 0.146631 -13.786900
v 2.080284 0.193260 -13.672786
v 2.110097 0.203630 -13.697768
v 2.108146 0.238295 -13.718139
v 2.076383 0.262590 -13.713529
v 2.046570 0.252220 -13.688546
v 2.048520 0.217555 -13.668176
v 2.150317 0.289748 -13.570418
v 2.170124 0.293898 -13.586901
v 2.169807 0.314655 -13.602720
v 2.149683 0.331262 -13.602057
v 2.129876 0.327112 -13.585575
v 2.130193 0.306355 -13.569756
v -1.099857 1.493374 -13.329901
v -1.115653 1.481766 -13.332691
v -1.115795 1.468636 -13.347510
v -1.100143 1.467115 -13.359541
v -1.084347 1.478724 -13.356750
v -1.084205 1.491853 -13.341931
v -1.053772 1.418287 -13.249588
v -1.077804 1.400417 -13.255563
v -1.077365 1.381836 -13.279793
v -1.052894 1.381124 -13.298048
v -1.028863 1.398995 -13.292073
v -1.029302 1.417576 -13.267843
v -1.007227 1.331630 -13.177439
v -1.039750 1.308700 -13.188403
v -1.039189 1.287760 -13.223969
v -1.006106 1.289751 -13.248571
v -0.973584 1.312682 -13.237607
v -0.974144 1.333621 -13.202042
v -0.960666 1.235221 -13.115602
v -1.001698 1.208295 -13.132832
v -1.001032 1.187562 -13.180531
v -0.959334 1.193755 -13.211000
v -0.918302 1.220681 -13.193771
v -0.918968 1.241414 -13.146072
v -0.914090 1.130331 -13.065396
v -0.963649 1.100700 -13.089969
v -0.962892 1.082878 -13.150132
v -0.912576 1.094688 -13.185723
v -0.863018 1.124319 -13.161151
v -0.863775 1.142141 -13.100987
v -0.867500 1.018407 -13.027971
v -0.925601 0.987553 -13.060731
v -0.924768 0.975412 -13.133207
v -0.865833 0.994125 -13.172924
v -0.807732 1.024979 -13.140164
v -0.808566 1.037120 -13.067688
v -0.820896 0.901049 -13.004301
v -0.887554 0.870608 -13.045829
v -0.886658 0.866905 -13.129971
v -0.819104 0.893642 -13.172586
v -0.752446 0.924083 -13.131059
v -0.753342 0.927786 -13.046917
v -0.774278 0.779992 -12.995148
v -0.849507 0.751710 -13.045738
v -0.848562 0.759108 -13.140411
v -0.772389 0.794786 -13.184494
v -0.697160 0.823068 -13.133904
v -0.698104 0.815670 -13.039230
v -0.727647 0.657070 -13.001052
v -0.811459 0.632758 -13.060699
v -0.810479 0.653749 -13.164294
v -0.725687 0.699052 -13.208241
v -0.641874 0.723364 -13.148594
v -0.642854 0.702373 -13.044999
v -0.680948 0.536235 -13.028430
v -0.768242 0.518743 -13.093034
v -0.767295 0.553536 -13.197382
v -0.679052 0.605821 -13.237126
v -0.591758 0.623313 -13.172523
v -0.592705 0.588520 -13.068174
v -0.634210 0.420702 -13.074522
v -0.721577 0.411251 -13.140686
v -0.720700 0.458475 -13.240029
v -0.632457 0.515151 -13.273209
v -0.545090 0.524603 -13.207045
v -0.545966 0.477378 -13.107701
v -0.587474 0.311390 -13.134488
v -0.674910 0.310091 -13.201221
v -0.674103 0.369043 -13.294086
v -0.585860 0.429295 -13.320218
v -0.498423 0.430594 -13.253486
v -0.499231 0.371641 -13.160621
v -0.540739 0.209976 -13.207483
v -0.628240 0.216822 -13.273789
v -0.627502 0.286627 -13.358800
v -0.539261 0.349586 -13.377502
v -0.451760 0.342740 -13.311196
v -0.452498 0.272935 -13.226186
v -0.494005 0.118024 -13.292457
v -0.581568 0.132887 -13.357354
v -0.580897 0.212509 -13.433249
v -0.492662 0.277267 -13.444245
v -0.405098 0.262404 -13.379348
v -0.405770 0.182782 -13.303453
v -0.447272 0.036958 -13.388169
v -0.534894 0.059593 -13.450699
v -0.534289 0.147849 -13.516354
v -0.446062 0.213470 -13.519479
v -0.358439 0.190835 -13.456949
v -0.359044 0.102579 -13.391294
v -0.400539 -0.031963 -13.493215
v -0.488218 -0.001914 -13.552456
v -0.487679 0.093667 -13.606897
v -0.399461 0.159200 -13.602098
v -0.311782 0.129151 -13.542856
v -0.312321 0.033570 -13.488415
v -0.353808 -0.087662 -13.606034
v -0.441539 -0.050666 -13.661120
v -0.441065 0.050823 -13.703544
v -0.352858 0.115316 -13.690881
v -0.265127 0.078319 -13.635795
v -0.265602 -0.023170 -13.593371
v -0.307077 -0.129267 -13.724949
v -0.394859 -0.085889 -13.775077
v -0.394448 0.020004 -13.804853
v -0.306256 0.082518 -13.784502
v -0.218475 0.039140 -13.734374
v -0.218886 -0.066753 -13.704597
v -0.260347 -0.156116 -13.848183
v -0.348175 -0.107013 -13.892625
v -0.347828 0.001713 -13.909314
v -0.259653 0.061336 -13.881561
v -0.171825 0.012233 -13.837119
v -0.172172 -0.096493 -13.820430
v -0.213618 -0.167776 -13.973886
v -0.301490 -0.113686 -14.012001
v -0.301206 -0.003738 -14.015356
v -0.213049 0.052120 -13.980597
v -0.125177 -0.001970 -13.942482
v -0.125461 -0.111918 -13.939127
v -0.166888 -0.164047 -14.100174
v -0.254802 -0.105779 -14.131414
v -0.254580 0.003763 -14.121387
v -0.166445 0.055036 -14.080116
v -0.078531 -0.003232 -14.048876
v -0.078753 -0.112774 -14.058904
v -0.120159 -0.144964 -14.225143
v -0.208112 -0.083384 -14.249066
v -0.207952 0.024128 -14.225803
v -0.119841 0.070060 -14.178617
v -0.031888 0.008481 -14.154695
v -0.032048 -0.099031 -14.177958
v -0.073431 -0.110797 -14.346914
v -0.161419 -0.046819 -14.363184
v -0.161322 0.057071 -14.327032
v -0.073236 0.096981 -14.274611
v 0.014753 0.033002 -14.258341
v 0.014655 -0.070887 -14.294493
v -0.026702 -0.062053 -14.463654
v -0.114724 0.003382 -14.472046
v -0.114689 0.102110 -14.423540
v -0.026631 0.135403 -14.366642
v 0.061391 0.069969 -14.358250
v 0.061356 -0.028759 -14.406755
v 0.020027 0.000543 -14.573603
v -0.068027 0.066471 -14.574010
v -0.068053 0.158574 -14.513869
v 0.019973 0.184750 -14.453321
v 0.108027 0.118823 -14.452914
v 0.108053 0.026719 -14.513055
v 0.066755 0.076049 -14.675110
v -0.021327 0.141503 -14.667542
v -0.021415 0.225618 -14.596656
v 0.066578 0.244279 -14.533340
v 0.154660 0.178825 -14.540909
v 0.154749 0.094710 -14.611794
v 0.113484 0.163326 -14.766651
v 0.025375 0.227351 -14.751230
v 0.025225 0.302231 -14.670651
v 0.113183 0.313086 -14.605494
v 0.201291 0.249062 -14.620914
v 0.201442 0.174182 -14.701493
v 0.160213 0.261055 -14.846857
v 0.072081 0.322717 -14.823823
v 0.071868 0.387252 -14.734744
v 0.159787 0.390126 -14.668699
v 0.247919 0.328465 -14.691733
v 0.248132 0.263929 -14.780812
v 0.206942 0.367758 -14.914533
v 0.118788 0.426160 -14.884233
v 0.118513 0.479394 -14.787972
v 0.206391 0.474226 -14.722013
v 0.294545 0.415824 -14.752313
v 0.294820 0.362590 -14.848573
v 0.253672 0.481818 -14.968677
v 0.165499 0.536114 -14.931562
v 0.165161 0.577259 -14.829548
v 0.252995 0.564106 -14.764647
v 0.341168 0.509810 -14.801762
v 0.341506 0.468666 -14.903776
v 0.300402 0.601510 -15.008499
v 0.212212 0.650916 -14.965120
v 0.211810 0.679359 -14.858863
v 0.299598 0.658398 -14.795982
v 0.387788 0.608992 -14.839361
v 0.388190 0.580548 -14.945619
v 0.347132 0.725025 -15.033426
v 0.258928 0.768827 -14.984423
v 0.258462 0.784148 -14.875496
v 0.346201 0.755666 -14.815573
v 0.434405 0.711864 -14.864576
v 0.434871 0.696543 -14.973503
v 0.393863 0.850495 -15.043120
v 0.305647 0.888065 -14.989209
v 0.305117 0.890035 -14.879228
v 0.392803 0.854437 -14.823157
v 0.481020 0.816867 -14.877069
v 0.481550 0.814897 -14.987050
v 0.440596 0.976032 -15.037473
v 0.352369 1.006830 -14.979443
v 0.351774 0.995420 -14.870037
v 0.439404 0.953212 -14.818664
v 0.527631 0.922414 -14.876694
v 0.528226 0.933824 -14.986099
v 0.487328 1.099747 -15.016615
v 0.399094 1.123334 -14.955310
v 0.398432 1.098711 -14.848103
v 0.486005 1.050501 -14.802202
v 0.574239 1.026914 -14.863507
v 0.574901 1.051537 -14.970715
v 0.534062 1.219786 -14.980911
v 0.445823 1.235826 -14.917221
v 0.445094 1.198355 -14.813803
v 0.532604 1.144842 -14.774075
v 0.620844 1.128802 -14.837765
v 0.621573 1.166273 -14.941183
v 0.580797 1.334356 -14.930949
v 0.492554 1.342624 -14.865797
v 0.491757 1.292858 -14.767702
v 0.579203 1.234824 -14.734759
v 0.667446 1.226555 -14.799911
v 0.668243 1.276321 -14.898006
v 0.627533 1.441755 -14.867540
v 0.539289 1.442138 -14.801868
v 0.538423 1.380815 -14.710551
v 0.625800 1.319109 -14.684908
v 0.714044 1.318726 -14.750580
v 0.714910 1.380049 -14.841897
v 0.674271 1.540398 -14.791696
v 0.586028 1.532894 -14.726451
v 0.585091 1.460923 -14.643269
v 0.672396 1.396455 -14.625333
v 0.760638 1.403959 -14.690578
v 0.761576 1.475930 -14.773760
v 0.721009 1.628840 -14.704615
v 0.632771 1.613562 -14.640737
v 0.631761 1.532009 -14.566925
v 0.718991 1.465734 -14.556993
v 0.807229 1.481012 -14.620872
v 0.808239 1.562565 -14.694683
v 0.767750 1.705800 -14.607665
v 0.679517 1.682971 -14.546072
v 0.678434 1.593046 -14.482729
v 0.765583 1.525950 -14.480981
v 0.853816 1.548779 -14.542574
v 0.854900 1.638704 -14.605917
v 0.814492 1.770180 -14.502360
v 0.726267 1.740130 -14.443936
v 0.725109 1.643168 -14.392004
v 0.812175 1.576255 -14.398498
v 0.900399 1.606304 -14.456922
v 0.901558 1.703267 -14.508854
v 0.861236 1.821080 -14.390338
v 0.773022 1.784243 -14.335919
v 0.771786 1.681683 -14.296173
v 0.858764 1.615959 -14.310843
v 0.946978 1.652796 -14.365262
v 0.948214 1.755356 -14.405008
v 0.907982 1.857814 -14.273326
v 0.819781 1.814719 -14.223694
v 0.818466 1.708084 -14.196725
v 0.905351 1.644545 -14.219388
v 0.993552 1.687640 -14.269020
v 0.994868 1.794275 -14.295989
v 0.954731 1.879919 -14.153125
v 0.866545 1.831183 -14.108988
v 0.865148 1.722060 -14.095201
v 0.951936 1.661672 -14.125550
v 1.040122 1.710408 -14.169687
v 1.041519 1.819532 -14.183475
v 1.001481 1.887161 -14.031572
v 0.913313 1.833480 -13.993563
v 0.911832 1.723490 -13.993165
v 0.998519 1.667182 -14.030779
v 1.086687 1.720863 -14.068789
v 1.088168 1.830852 -14.069186
v 1.048235 1.879535 -13.910516
v 0.960087 1.821675 -13.879175
v 0.958519 1.712458 -13.892178
v 1.045098 1.661100 -13.936521
v 1.133246 1.718959 -13.967861
v 1.134815 1.828177 -13.954859
v 1.094991 1.857270 -13.791785
v 1.006866 1.796056 -13.767562
v 1.005208 1.689237 -13.793774
v 1.091675 1.643633 -13.844209
v 1.179801 1.704848 -13.868432
v 1.181458 1.811666 -13.842220
v 1.141751 1.820820 -13.677159
v 1.053651 1.757121 -13.660400
v 1.051900 1.654295 -13.699435
v 1.138249 1.615167 -13.755229
v 1.226349 1.678866 -13.771988
v 1.228100 1.781693 -13.732953
v 1.188514 1.770855 -13.568344
v 1.100442 1.705577 -13.559291
v 1.098595 1.608278 -13.610569
v 1.184819 1.576258 -13.670902
v 1.272891 1.641537 -13.679955
v 1.274739 1.738836 -13.628677
v 1.235281 1.708253 -13.466942
v 1.147239 1.642320 -13.465725
v 1.145292 1.552003 -13.528487
v 1.231386 1.527620 -13.592466
v 1.319427 1.593553 -13.593683
v 1.321375 1.683870 -13.530921
v 1.282052 1.634081 -13.374426
v 1.194044 1.568428 -13.381068
v 1.191991 1.486445 -13.454380
v 1.277948 1.470116 -13.521049
v 1.365956 1.535770 -13.514407
v 1.368008 1.617752 -13.441095
v 1.328744 1.546751 -13.295353
v 1.244206 1.484823 -13.309202
v 1.242129 1.415232 -13.388741
v 1.324590 1.407570 -13.454430
v 1.409127 1.469498 -13.440580
v 1.411204 1.539089 -13.361042
v 1.375298 1.447698 -13.233618
v 1.299381 1.393891 -13.252598
v 1.297417 1.340567 -13.331156
v 1.371369 1.341049 -13.390734
v 1.447285 1.394855 -13.371754
v 1.449250 1.448180 -13.293196
v 1.421834 1.343526 -13.185502
v 1.354533 1.298102 -13.207901
v 1.352699 1.259677 -13.282831
v 1.418166 1.266676 -13.335362
v 1.485467 1.312100 -13.312963
v 1.487301 1.350525 -13.238033
v 1.468351 1.236076 -13.151335
v 1.409660 1.199008 -13.175463
v 1.407976 1.173728 -13.244449
v 1.464983 1.185516 -13.289305
v 1.523674 1.222584 -13.265177
v 1.525358 1.247864 -13.196191
v 1.514847 1.127193 -13.131205
v 1.464759 1.098180 -13.155437
v 1.463245 1.083964 -13.216538
v 1.511819 1.098762 -13.253408
v 1.561908 1.127776 -13.229177
v 1.563422 1.141992 -13.168075
v 1.561321 1.018698 -13.124956
v 1.519827 0.997176 -13.147771
v 1.518506 0.991684 -13.199478
v 1.558679 1.007714 -13.228369
v 1.600172 1.029236 -13.205554
v 1.601494 1.034729 -13.153847
v 1.607771 0.912352 -13.132200
v 1.574863 0.897519 -13.152221
v 1.573759 0.898222 -13.193476
v 1.605562 0.913758 -13.214710
v 1.638470 0.928590 -13.194690
v 1.639574 0.927887 -13.153435
v 1.654194 0.809828 -13.152327
v 1.629863 0.800672 -13.168350
v 1.629002 0.804932 -13.198578
v 1.652472 0.818349 -13.212782
v 1.676803 0.827504 -13.196758
v 1.677664 0.823244 -13.166531
v 1.700112 0.713651 -13.184277
v 1.684559 0.708550 -13.195417
v 1.684447 0.712733 -13.214770
v 1.699888 0.722017 -13.222982
v 1.715441 0.727118 -13.211842
v 1.715553 0.722935 -13.192489
vn -0.5511 0.4761 -0.6853
vn -0.9310 0.2931 0.2176
vn -0.4082 -0.2507 0.8778
vn 0.4171 -0.5973 0.6850
vn 0.8654 -0.4617 -0.1947
vn 0.4143 0.0691 -0.9075
vn -0.4856 0.6173 -0.6189
vn -0.9385 0.2758 0.2078
vn -0.4848 -0.4004 0.7776
vn 0.4078 -0.7388 0.5365
vn 0.8684 -0.4080 -0.2820
vn 0.4210 0.2742 -0.8646
vn -0.4838 0.7395 -0.4681
vn -0.9416 0.2186 0.2560
vn -0.4897 -0.5683 0.6612
vn 0.4055 -0.8414 0.3572
vn 0.8712 -0.3331 -0.3607
vn 0.4259 0.4627 -0.7775
vn -0.4823 0.8252 -0.2941
vn -0.9444 0.1542 0.2903
vn -0.4939 -0.7038 0.5107
vn 0.4035 -0.9009 0.1597
vn 0.8736 -0.2439 -0.4211
vn 0.4302 0.6254 -0.6511
vn -0.4811 0.8703 -0.1057
vn -0.9469 0.0856 0.3099
vn -0.4975 -0.8004 0.3344
vn 0.4017 -0.9146 -0.0460
vn 0.8757 -0.1448 -0.4606
vn 0.4338 0.7546 -0.4923
vn -0.4801 0.8728 0.0880
vn -0.9491 0.0160 0.3145
vn -0.5008 -0.8539 0.1419
vn 0.4001 -0.8819 -0.2494
vn -0.8775 0.0403 0.4779
vn 0.4370 0.8445 -0.3095
vn -0.4793 0.8327 0.2774
vn -0.9512 -0.0517 0.3044
vn -0.5036 -0.8620 -0.0567
vn 0.3985 -0.8046 -0.4403
vn 0.8790 0.0647 -0.4723
vn 0.4398 0.8911 -0.1122
vn -0.4786 0.7520 0.4533
vn 0.9530 0.1144 -0.2806
vn -0.5062 -0.8250 -0.2511
vn 0.3970 -0.6865 -0.6092
vn 0.8804 0.1656 -0.4444
vn 0.4423 0.8923 0.0898
vn -0.4646 0.6183 0.6339
vn -0.9430 -0.1873 0.2750
vn -0.4955 -0.7713 -0.3994
vn 0.4172 -0.5605 -0.7154
vn 0.9010 0.2383 -0.3626
vn 0.4581 0.8312 0.3151
vn -0.4549 0.4495 0.7687
vn -0.9361 -0.2555 0.2417
vn -0.4883 -0.6821 -0.5443
vn 0.4305 -0.4107 -0.8037
vn 0.9145 0.2917 -0.2805
vn 0.4688 0.7227 0.5079
vn -0.4543 0.2696 0.8490
vn -0.9373 -0.2992 0.1786
vn -0.4898 -0.5431 -0.6820
vn 0.4306 -0.2247 -0.8741
vn 0.9163 0.3424 -0.2079
vn 0.4709 0.5899 0.6560
vn -0.4538 0.0765 0.8878
vn -0.9384 -0.3281 0.1082
vn -0.4911 -0.3773 -0.7851
vn 0.4307 -0.0279 -0.9021
vn 0.9179 0.3759 -0.1269
vn 0.4727 0.4279 0.7703
vn -0.4533 -0.1205 0.8832
vn -0.9394 -0.3410 0.0339
vn -0.4923 -0.1932 -0.8487
vn 0.4308 0.1703 -0.8862
vn 0.9195 0.3910 -0.0414
vn 0.4745 0.2450 0.8455
vn -0.4528 -0.3116 0.8354
vn -0.9404 -0.3377 -0.0409
vn -0.4935 0.0002 -0.8698
vn 0.4308 0.3602 -0.8274
vn 0.9208 0.3874 0.0446
vn 0.4760 0.0504 0.8780
vn -0.4524 -0.4876 0.7467
vn -0.9412 -0.3185 -0.1127
vn -0.4945 0.1930 -0.8475
vn 0.4308 0.5326 -0.7285
vn 0.9221 0.3655 0.1272
vn 0.4775 -0.1462 0.8664
vn -0.4519 -0.6399 0.6215
vn -0.9420 -0.2844 -0.1782
vn -0.4955 0.3758 -0.7831
vn 0.4308 0.6793 -0.5941
vn 0.9232 0.3266 0.2024
vn 0.4789 -0.3348 0.8115
vn -0.4515 -0.7609 0.4659
vn -0.9427 -0.2374 -0.2346
vn -0.4965 0.5396 -0.6800
vn 0.4308 0.7929 -0.4309
vn 0.9243 0.2727 0.2671
vn 0.4801 -0.5063 0.7163
vn -0.4511 -0.8449 0.2875
vn -0.9433 -0.1796 -0.2791
vn -0.4974 0.6763 -0.5434
vn 0.4307 0.8681 -0.2467
vn 0.9252 0.2066 0.3183
vn 0.4813 -0.6521 0.5857
vn -0.4507 -0.8876 0.0950
vn -0.9439 -0.1139 -0.3101
vn -0.4982 0.7793 -0.3801
vn 0.4306 0.9012 -0.0505
vn 0.9261 0.1314 0.3538
vn 0.4824 -0.7652 0.4263
vn -0.4502 -0.8870 -0.1023
vn -0.9444 -0.0434 -0.3260
vn -0.4990 0.8436 -0.1983
vn 0.4304 0.8904 0.1483
vn 0.9268 0.0508 0.3721
vn 0.4835 -0.8400 0.2461
vn -0.4498 -0.8431 -0.2947
vn -0.9448 0.0286 -0.3263
vn -0.4998 0.8661 -0.0071
vn 0.4302 0.8363 0.3400
vn 0.9275 -0.0315 0.3725
vn 0.4845 -0.8731 0.0541
vn -0.4493 -0.7580 -0.4728
vn -0.9452 0.0987 -0.3111
vn -0.5005 0.8459 0.1843
vn 0.4300 0.7414 0.5152
vn 0.9281 -0.1117 0.3553
vn 0.4854 -0.8630 -0.1402
vn -0.4489 -0.6358 -0.6279
vn 0.9456 -0.1636 0.2813
vn -0.5012 0.7840 0.3662
vn 0.4297 0.6104 0.6654
vn 0.9286 -0.1858 0.3212
vn 0.4863 -0.8102 -0.3272
vn -0.4484 -0.4824 -0.7525
vn -0.9459 0.2204 -0.2382
vn -0.5019 0.6836 0.5299
vn 0.4294 0.4496 0.7832
vn 0.9290 -0.2507 0.2721
vn 0.4871 -0.7176 -0.4978
vn -0.4479 -0.3053 -0.8403
vn -0.9461 0.2664 -0.1840
vn -0.5026 0.5497 0.6673
vn 0.4291 0.2667 0.8630
vn 0.9294 -0.3033 0.2103
vn 0.4879 -0.5897 -0.6436
vn -0.4474 -0.1132 -0.8871
vn -0.9463 0.2996 -0.1213
vn -0.5032 0.3890 0.7717
vn 0.4287 0.0707 0.9007
vn 0.9297 -0.3412 0.1387
vn 0.4886 -0.4331 -0.7574
vn -0.4469 0.0846 -0.8906
vn -0.9465 0.3184 -0.0530
vn -0.5039 0.2094 0.8380
vn 0.4282 -0.1289 0.8944
vn 0.9299 -0.3627 0.0608
vn 0.4893 -0.2553 -0.8339
vn -0.4463 0.2784 -0.8505
vn -0.9466 0.3220 0.0177
vn -0.5045 0.0197 0.8632
vn 0.4277 -0.3223 0.8445
vn 0.9301 -0.3668 -0.0198
vn 0.4900 -0.0654 -0.8693
vn -0.4458 0.4587 -0.7687
vn -0.9467 0.3102 0.0874
vn -0.5051 -0.1707 0.8460
vn 0.4272 -0.5002 0.7532
vn 0.9302 -0.3534 -0.0993
vn 0.4907 0.1276 -0.8620
vn -0.4452 0.6168 -0.6492
vn -0.9467 0.2836 0.1529
vn -0.5057 -0.3526 0.7874
vn 0.4266 -0.6538 0.6249
vn 0.9302 -0.3231 -0.1740
vn 0.4913 0.3140 -0.8124
vn -0.4445 0.7447 -0.4978
vn -0.9466 0.2435 0.2111
vn -0.5063 -0.5169 0.6903
vn 0.4260 -0.7755 0.4659
vn 0.9302 -0.2773 -0.2404
vn 0.4919 0.4848 -0.7232
vn -0.4439 0.8363 -0.3218
vn -0.9466 0.1918 0.2593
vn -0.5069 -0.6558 0.5595
vn 0.4253 -0.8593 0.2840
vn 0.9301 -0.2183 -0.2953
vn 0.4925 0.6317 -0.5987
vn -0.4432 0.8870 -0.1299
vn -0.9465 0.1308 0.2952
vn -0.5075 -0.7624 0.4015
vn 0.4246 -0.9011 0.0878
vn 0.9300 -0.1488 -0.3362
vn 0.4930 0.7476 -0.4451
vn -0.4425 0.8942 0.0686
vn -0.9463 0.0634 0.3170
vn -0.5080 -0.8317 0.2240
vn 0.4238 -0.8987 -0.1129
vn 0.9297 -0.0719 -0.3612
vn 0.4935 0.8268 -0.2699
vn -0.4417 0.8575 0.2639
vn -0.9461 -0.0073 0.3238
vn -0.5086 -0.8602 0.0358
vn 0.4230 -0.8521 -0.3083
vn 0.9294 0.0087 -0.3689
vn 0.4941 0.8656 -0.0818
vn -0.4409 0.7786 0.4465
vn -0.9458 -0.0779 0.3152
vn -0.5092 -0.8467 -0.1540
vn 0.4221 -0.7635 -0.4888
vn -0.9291 -0.0892 0.3590
vn 0.4946 0.8621 0.1101
vn -0.4401 0.6613 0.6074
vn -0.9455 -0.1451 0.2914
vn -0.5098 -0.7919 -0.3361
vn 0.4211 -0.6372 -0.6455
vn 0.9286 0.1660 -0.3318
vn 0.4950 0.8167 0.2964
vn -0.4392 0.5114 0.7386
vn -0.9452 -0.2058 0.2536
vn -0.5104 -0.6985 -0.5015
vn 0.4200 -0.4793 -0.7706
vn 0.9281 0.2352 -0.2886
vn 0.4955 0.7317 0.4681
vn -0.4382 0.3361 0.8337
vn -0.9448 -0.2571 0.2034
vn -0.5110 -0.5712 -0.6424
vn 0.4189 -0.2975 -0.8579
vn 0.9275 0.2937 -0.2312
vn 0.4960 0.6111 0.6169
vn -0.4373 0.1440 0.8877
vn -0.9443 -0.2964 0.1430
vn -0.5117 -0.4161 -0.7517
vn 0.4177 -0.1006 -0.9030
vn 0.9269 0.3386 -0.1622
vn 0.4964 0.4610 0.7356
vn -0.4362 -0.0556 0.8981
vn -0.9438 -0.3219 0.0753
vn -0.5123 -0.2409 -0.8243
vn 0.4164 0.1016 -0.9035
vn 0.9261 0.3676 -0.0848
vn 0.4969 0.2886 0.8184
vn -0.4351 -0.2527 0.8642
vn -0.9432 -0.3322 0.0033
vn -0.5130 -0.0542 -0.8567
vn 0.4150 0.2992 -0.8592
vn 0.9253 0.3793 -0.0025
vn 0.4973 0.1024 0.8615
vn -0.4339 -0.4377 0.7875
vn -0.9425 -0.3268 -0.0696
vn -0.5136 0.1350 -0.8473
vn 0.4135 0.4823 -0.7722
vn 0.9243 0.3729 0.0808
vn 0.4977 -0.0886 0.8628
vn -0.4326 -0.6014 0.6717
vn -0.9418 -0.3055 -0.1400
vn -0.5143 0.3174 -0.7967
vn 0.4119 0.6420 -0.6467
vn 0.9233 0.3485 0.1614
vn 0.4981 -0.2751 0.8223
vn -0.4313 -0.7356 0.5224
vn -0.9411 -0.2694 -0.2045
vn -0.5151 0.4841 -0.7073
vn 0.4102 0.7701 -0.4886
vn 0.9222 0.3070 0.2352
vn 0.4986 -0.4481 0.7421
vn -0.4298 -0.8336 0.3468
vn -0.9402 -0.2199 -0.2602
vn -0.5159 0.6271 -0.5837
vn 0.4083 0.8601 -0.3058
vn 0.9209 0.2501 0.2989
vn 0.4990 -0.5993 0.6260
vn -0.4283 -0.8905 0.1536
vn -0.9393 -0.1591 -0.3041
vn -0.5167 0.7394 -0.4317
vn 0.4063 0.9074 -0.1071
vn 0.9196 0.1803 0.3492
vn 0.4994 -0.7214 0.4798
vn -0.4266 -0.9032 -0.0477
vn -0.9382 -0.0897 -0.3342
vn -0.5176 0.8155 -0.2590
vn 0.4042 0.9095 0.0975
vn 0.9180 0.1006 0.3835
vn 0.4999 -0.8085 0.3106
vn -0.4248 -0.8709 -0.2472
vn -0.9371 -0.0148 -0.3488
vn -0.5185 0.8519 -0.0738
vn 0.4018 0.8659 0.2979
vn 0.9164 0.0145 0.4000
vn 0.5003 -0.8565 0.1265
vn -0.4229 -0.7950 -0.4350
vn -0.9359 0.0621 -0.3469
vn -0.5195 0.8468 0.1147
vn 0.3993 0.7786 0.4841
vn 0.9146 -0.0740 0.3976
vn 0.5008 -0.8632 -0.0635
vn -0.4207 -0.6790 -0.6016
vn -0.9345 0.1376 -0.3283
vn -0.5205 0.8004 0.2973
vn 0.3965 0.6516 0.6467
vn -0.9126 0.1608 -0.3759
vn 0.5013 -0.8283 -0.2502
vn -0.4089 -0.5143 -0.7538
vn -0.9238 0.2225 -0.3115
vn -0.5123 0.7340 0.4459
vn 0.4068 0.5111 0.7572
vn 0.9220 -0.2253 0.3149
vn 0.5103 -0.7378 -0.4418
vn -0.3906 -0.3058 -0.8683
vn 0.9062 -0.3163 0.2805
vn -0.4977 0.6523 0.5716
vn 0.4237 0.3652 0.8289
vn 0.9365 -0.2597 0.2357
vn 0.5240 -0.5926 -0.6118
vn -0.3859 -0.1012 -0.9170
vn -0.9025 0.3769 -0.2082
vn -0.4974 0.5139 0.6990
vn 0.4220 0.1728 0.8900
vn 0.9356 -0.3067 0.1747
vn 0.5262 -0.4413 -0.7269
vn -0.3807 0.1103 -0.9181
vn -0.8985 0.4215 -0.1230
vn -0.4971 0.3511 0.7935
vn 0.4199 -0.0289 0.9071
vn 0.9346 -0.3399 0.1047
vn 0.5286 -0.2681 -0.8054
vn -0.3749 0.3178 -0.8709
vn -0.8939 0.4473 -0.0282
vn -0.4968 0.1718 0.8507
vn 0.4175 -0.2302 0.8790
vn 0.9335 -0.3576 0.0287
vn 0.5313 -0.0819 -0.8432
vn -0.3684 0.5104 -0.7770
vn -0.8889 0.4524 0.0722
vn -0.4966 -0.0156 0.8678
vn 0.4148 -0.4211 0.8066
vn 0.9321 -0.3588 -0.0500
vn 0.5344 0.1080 -0.8383
vn -0.3611 0.6777 -0.6405
vn -0.8833 0.4355 0.1737
vn -0.4965 -0.2025 0.8441
vn 0.4115 -0.5919 0.6930
vn 0.9305 -0.3432 -0.1281
vn 0.5378 0.2919 -0.7909
vn -0.3526 0.8105 -0.4677
vn -0.8769 0.3964 0.2719
vn -0.4966 -0.3800 0.7804
vn 0.4076 -0.7341 0.5432
vn 0.9286 -0.3113 -0.2019
vn 0.5418 0.4604 -0.7032
vn -0.3427 0.9009 -0.2663
vn -0.8694 0.3359 0.3623
vn -0.4973 -0.5400 0.6790
vn 0.4747 -0.8252 0.3061
vn 0.9279 -0.1928 -0.3191
vn 0.4781 0.6593 -0.5803
vn 0.3242 0.0143 0.9459
vn 0.8420 -0.4768 0.2525
vn 0.4828 -0.5525 -0.6794
vn -0.4621 -0.0835 -0.8829
vn -0.9133 0.3867 -0.1275
vn -0.4823 0.4141 0.7719
vn 0.3348 0.2048 0.9198
vn 0.8501 -0.4102 0.3301
vn 0.4826 -0.6693 -0.5649
vn -0.4017 -0.3091 -0.8620
vn -0.9141 0.3087 -0.2630
vn -0.5405 0.5620 0.6261
vn 0.3438 0.3838 0.8570
vn 0.8572 -0.3330 0.3929
vn 0.4829 -0.7621 -0.4312
vn -0.4056 -0.4694 -0.7843
vn -0.9160 0.2517 -0.3123
vn -0.5362 0.6747 0.5073
vn 0.3518 0.5453 0.7608
vn 0.8635 -0.2476 0.4395
vn 0.4833 -0.8285 -0.2828
vn -0.4090 -0.6108 -0.6780
vn -0.9177 0.1874 -0.3503
vn -0.5324 0.7620 0.3687
vn 0.3590 0.6835 0.6356
vn -0.8474 0.2626 -0.4614
vn 0.4839 -0.8662 -0.1247
vn -0.4118 -0.7286 -0.5473
vn -0.9191 0.1180 -0.3759
vn -0.5290 0.8207 0.2158
vn 0.3654 0.7935 0.4867
vn -0.8493 0.1702 -0.4997
vn 0.4844 -0.8740 0.0375
vn -0.4143 -0.8189 -0.3971
vn -0.9203 0.0456 -0.3885
vn -0.5260 0.8487 0.0543
vn 0.3712 0.8716 0.3202
vn 0.8790 0.0266 0.4761
vn 0.4850 -0.8517 0.1983
vn -0.4164 -0.8788 -0.2332
vn 0.9397 -0.0357 0.3402
vn -0.5233 0.8451 -0.1097
vn 0.3765 0.9154 0.1426
vn 0.8833 0.1138 0.4548
vn 0.4856 -0.8001 0.3522
vn -0.4183 -0.9062 -0.0615
vn -0.9223 -0.0987 -0.3737
vn -0.5207 0.8099 -0.2700
vn 0.3987 0.9143 -0.0713
vn 0.9051 0.1808 0.3848
vn 0.5046 -0.7347 0.4534
vn -0.3974 -0.9151 0.0689
vn -0.9040 -0.1817 -0.3870
vn -0.5033 0.7337 -0.4564
vn 0.4130 0.8711 -0.2657
vn 0.9184 0.2337 0.3194
vn 0.5155 -0.6505 0.5578
vn -0.3845 -0.8975 0.2161
vn -0.8920 -0.2640 -0.3668
vn -0.4917 0.6227 -0.6087
vn 0.4153 0.8030 -0.4274
vn 0.9199 0.2866 0.2675
vn 0.5144 -0.5341 0.6709
vn -0.3876 -0.8378 0.3844
vn -0.8943 -0.3250 -0.3077
vn -0.4912 0.4977 -0.7149
vn 0.4175 0.7055 -0.5727
vn 0.9214 0.3288 0.2073
vn 0.5133 -0.3983 0.7602
vn -0.3904 -0.7473 0.5377
vn -0.8963 -0.3735 -0.2390
vn -0.4907 0.3548 -0.7958
vn 0.4196 0.5822 -0.6964
vn 0.9227 0.3589 0.1410
vn 0.5123 -0.2481 0.8222
vn -0.3931 -0.6293 0.6704
vn -0.8982 -0.4081 -0.1632
vn -0.4902 0.1992 -0.8485
vn 0.4215 0.4380 -0.7941
vn 0.9239 0.3761 0.0708
vn 0.5114 -0.0887 0.8548
vn -0.3955 -0.4885 0.7778
vn -0.8999 -0.4280 -0.0830
vn -0.4897 0.0363 -0.8711
vn 0.4232 0.2780 -0.8623
vn 0.9250 0.3801 -0.0009
vn 0.5105 0.0741 0.8567
vn -0.3977 -0.3301 0.8560
vn -0.9015 -0.4328 -0.0012
vn -0.4893 -0.1280 -0.8627
vn 0.4249 0.1083 -0.8987
vn 0.9260 0.3708 -0.0716
vn 0.5096 0.2345 0.8278
vn -0.3998 -0.1601 0.9025
vn -0.9029 -0.4224 0.0794
vn -0.4888 -0.2879 -0.8235
vn 0.4264 -0.0649 -0.9022
vn 0.9269 0.3488 -0.1389
vn 0.5088 0.3866 0.7692
vn -0.4018 0.0154 0.9156
vn -0.9043 -0.3974 0.1562
vn -0.4883 -0.4377 -0.7549
vn 0.4279 -0.2355 -0.8726
vn 0.9277 0.3149 -0.2006
vn 0.5080 0.5251 0.6828
vn -0.4036 0.1898 0.8950
vn -0.9054 -0.3589 0.2267
vn -0.4879 -0.5721 -0.6593
vn 0.4293 -0.3970 -0.8113
vn 0.9284 0.2704 -0.2547
vn 0.5072 0.6448 0.5718
vn -0.4053 0.3567 0.8417
vn -0.9065 -0.3083 0.2884
vn -0.4874 -0.6861 -0.5401
vn 0.4306 -0.5437 -0.7204
vn -0.9083 -0.3054 0.2858
vn 0.5065 0.7415 0.4401
vn -0.4069 0.5103 0.7577
vn -0.9075 -0.2475 0.3394
vn -0.4869 -0.7758 -0.4014
vn 0.4318 -0.6703 -0.6035
vn 0.9297 0.1563 -0.3334
vn 0.5057 0.8117 0.2924
vn -0.4084 0.6448 0.6461
vn -0.9084 -0.1786 0.3781
vn -0.4864 -0.8378 -0.2482
vn 0.4330 -0.7723 -0.4648
vn 0.9303 0.0908 -0.3554
vn 0.5050 0.8527 0.1339
vn -0.4098 0.7554 0.5112
vn -0.9091 -0.1041 0.4033
vn -0.4859 -0.8698 -0.0859
vn 0.4341 -0.8460 -0.3095
vn 0.9308 0.0226 -0.3649
vn 0.5043 0.8630 -0.0295
vn -0.4111 0.8383 0.3580
vn 0.9313 0.0901 -0.3530
vn -0.4853 -0.8707 0.0796
vn 0.4351 -0.8889 -0.1432
vn -0.9109 -0.0263 0.4118
vn 0.5036 0.8423 -0.1921
vn -0.4124 0.8906 0.1920
vn -0.9104 0.0515 0.4105
vn -0.4848 -0.8404 0.2425
vn 0.4361 -0.8994 0.0281
vn -0.9113 0.0512 0.4085
vn 0.5029 0.7912 -0.3480
vn -0.4135 0.9103 0.0193
vn -0.9109 0.1272 0.3925
vn -0.4842 -0.7798 0.3969
vn 0.4371 -0.8773 0.1981
vn 0.9319 -0.1750 -0.3178
vn 0.5021 0.7115 -0.4915
vn -0.4146 0.8969 -0.1538
vn -0.9113 0.1981 0.3609
vn -0.4836 -0.6911 0.5372
vn 0.4380 -0.8234 0.3607
vn 0.9321 -0.2310 -0.2790
vn 0.5014 0.6061 -0.6175
vn -0.4156 0.8510 -0.3210
vn 0.9323 -0.1744 -0.3168
vn -0.4830 -0.5774 0.6583
vn 0.4389 -0.7398 0.5100
vn 0.9323 -0.2788 -0.2305
vn 0.5007 0.4786 -0.7213
vn -0.4166 0.7743 -0.4764
vn -0.9120 0.3160 0.2616
vn -0.4823 -0.4428 0.7559
vn 0.4397 -0.6295 0.6407
vn 0.9324 -0.3167 -0.1740
vn 0.5000 0.3336 -0.7992
vn -0.4174 0.6697 -0.6142
vn -0.9121 0.3591 0.1975
vn -0.4816 -0.2920 0.8263
vn 0.4405 -0.4965 0.7480
vn 0.9325 -0.3434 -0.1116
vn 0.4993 0.1764 -0.8483
vn -0.4183 0.5410 -0.7297
vn -0.9123 0.3896 0.1266
vn -0.4809 -0.1304 0.8670
vn 0.4413 -0.3457 0.8281
vn 0.9326 -0.3582 -0.0453
vn 0.4986 0.0126 -0.8668
vn -0.4190 0.3929 -0.8186
vn -0.9123 0.4063 0.0513
vn -0.4802 0.0361 0.8764
vn 0.4420 -0.1826 0.8782
vn 0.9325 -0.3604 0.0226
vn 0.4978 -0.1519 -0.8539
vn -0.4197 0.2308 -0.8778
vn -0.9123 0.4088 -0.0258
vn -0.4794 0.2016 0.8541
vn 0.4427 -0.0131 0.8966
vn 0.9325 -0.3500 0.0897
vn 0.4971 -0.3111 -0.8100
vn -0.4204 0.0605 -0.9053
vn -0.9121 0.3970 -0.1021
vn -0.4786 0.3600 0.8008
vn 0.4434 0.1567 0.8825
vn 0.9323 -0.3273 0.1538
vn 0.4963 -0.4592 -0.7367
vn -0.4210 -0.1118 -0.9001
vn -0.9119 0.3712 -0.1749
vn -0.4778 0.5056 0.7184
vn 0.4441 0.3207 0.8366
vn 0.9321 -0.2931 0.2126
vn 0.4955 -0.5909 -0.6366
vn -0.4216 -0.2798 -0.8625
vn -0.9117 0.3323 -0.2418
vn -0.4769 0.6331 0.6097
vn 0.4447 0.4730 0.7606
vn -0.9109 0.3336 -0.2428
vn 0.4947 -0.7014 -0.5132
vn -0.4221 -0.4377 -0.7939
vn -0.9113 0.2816 -0.3004
vn -0.4760 0.7378 0.4786
vn 0.4453 0.6081 0.6572
vn 0.9316 -0.1951 0.3066
vn 0.4939 -0.7865 -0.3709
vn -0.4225 -0.5796 -0.6968
vn -0.9109 0.2207 -0.3486
vn -0.4750 0.8158 0.3299
vn 0.4459 0.7211 0.5302
vn 0.9313 -0.1346 0.3386
vn 0.4930 -0.8431 -0.2148
vn -0.4230 -0.7006 -0.5747
vn -0.9104 0.1519 -0.3849
vn -0.4740 0.8642 0.1688
vn 0.4465 0.8081 0.3842
vn 0.9309 -0.0690 0.3588
vn 0.4921 -0.8691 -0.0507
vn -0.4234 -0.7963 -0.4320
vn 0.9303 -0.1355 0.3409
vn -0.4729 0.8811 0.0012
vn 0.4471 0.8658 0.2245
vn 0.9304 -0.0006 0.3666
vn 0.4912 -0.8634 0.1156
vn -0.4237 -0.8634 -0.2740
vn -0.9091 -0.0006 -0.4166
vn -0.4717 0.8658 -0.1667
vn 0.4477 0.8924 0.0568
vn -0.9075 -0.0007 -0.4201
vn 0.4902 -0.8261 0.2779
vn -0.4240 -0.8994 -0.1062
vn -0.9083 -0.0791 -0.4107
vn -0.4705 0.8188 -0.3290
vn 0.4483 0.8867 -0.1128
vn 0.9293 0.1353 0.3438
vn 0.4892 -0.7586 0.4304
vn -0.4243 -0.9032 0.0653
vn -0.9074 -0.1554 -0.3904
vn -0.4692 0.7415 -0.4796
vn 0.4489 0.8492 -0.2782
vn 0.9286 0.1981 0.3138
vn 0.4881 -0.6631 0.5675
vn -0.4245 -0.8746 0.2344
vn -0.9065 -0.2270 -0.3561
vn -0.4678 0.6368 -0.6129
vn 0.4494 0.7811 -0.4335
vn 0.9279 0.2546 0.2725
vn 0.4870 -0.5431 0.6841
vn -0.4247 -0.8146 0.3949
vn 0.9269 0.2005 0.3174
vn -0.4664 0.5083 -0.7240
vn 0.4500 0.6849 -0.5731
vn 0.9270 0.3027 0.2213
vn 0.4858 -0.4028 0.7757
vn -0.4249 -0.7256 0.5413
vn -0.9042 -0.3461 -0.2502
vn -0.4648 0.3607 -0.8086
vn 0.4506 0.5641 -0.6919
vn 0.9261 0.3408 0.1617
vn 0.4845 -0.2474 0.8391
vn -0.4250 -0.6106 0.6682
vn -0.9029 -0.3895 -0.1820
vn -0.4631 0.1992 -0.8636
vn 0.4512 0.4230 -0.7858
vn 0.9252 0.3673 0.0957
vn 0.4832 -0.0824 0.8716
vn -0.4251 -0.4738 0.7712
vn -0.9014 -0.4196 -0.1065
vn -0.4613 0.0298 -0.8867
vn 0.4519 0.2668 -0.8512
vn 0.9241 0.3813 0.0254
vn 0.4817 0.0861 0.8721
vn -0.4252 -0.3201 0.8466
vn -0.8999 -0.4354 -0.0261
vn -0.4594 -0.1413 -0.8769
vn 0.4525 0.1011 -0.8860
vn 0.9229 0.3822 -0.0467
vn 0.4802 0.2519 0.8402
vn -0.4253 -0.1549 0.8917
vn -0.8981 -0.4361 0.0565
vn -0.4573 -0.3077 -0.8344
vn 0.4533 -0.0682 -0.8888
vn 0.9216 0.3696 -0.1183
vn 0.4785 0.4090 0.7770
vn -0.4253 0.0157 0.9049
vn -0.8963 -0.4214 0.1385
vn -0.4551 -0.4634 -0.7604
vn 0.4540 -0.2350 -0.8595
vn 0.9202 0.3439 -0.1869
vn 0.4767 0.5513 0.6847
vn -0.4254 0.1858 0.8858
vn -0.8942 -0.3915 0.2171
vn -0.4526 -0.6024 -0.6575
vn 0.4660 -0.4100 -0.7841
vn -0.9040 -0.3745 0.2062
vn 0.4862 0.6503 0.5836
vn -0.4093 0.3256 0.8523
vn -0.8776 -0.3670 0.3083
vn -0.4390 -0.7375 -0.5133
vn 0.4833 -0.5704 -0.6642
vn 0.9418 0.2194 -0.2546
vn 0.5003 0.7220 0.4780
vn -0.3848 0.4509 0.8054
vn 0.8833 0.3594 -0.3011
vn -0.4189 -0.8452 -0.3320
vn 0.4841 -0.6848 -0.5446
vn 0.9397 0.1710 -0.2962
vn 0.4971 0.8038 0.3269
vn -0.3868 0.5971 0.7028
vn 0.8790 0.3014 -0.3695
vn -0.4160 -0.8946 -0.1633
vn 0.4851 -0.7746 -0.4057
vn 0.9374 0.1149 -0.3289
vn 0.4935 0.8545 0.1618
vn -0.3888 0.7207 0.5739
vn -0.8493 -0.1560 0.5043
vn -0.4128 -0.9107 0.0126
vn 0.4863 -0.8366 -0.2523
vn 0.9348 0.0527 -0.3513
vn 0.4897 0.8718 -0.0111
vn -0.3910 0.8171 0.4237
vn -0.8474 -0.0588 0.5276
vn -0.4092 -0.8926 0.1890
vn 0.4876 -0.8684 -0.0898
vn 0.9319 -0.0140 -0.3623
vn 0.4854 0.8545 -0.1851
vn -0.3932 0.8826 0.2576
vn -0.8453 0.0416 0.5327
vn -0.4051 -0.8406 0.3596
vn 0.4892 -0.8689 0.0757
vn 0.9288 -0.0829 -0.3612
vn 0.4805 0.8026 -0.3534
vn -0.3957 0.9147 0.0819
vn -0.8428 0.1420 0.5192
vn -0.4005 -0.7560 0.5178
vn 0.4912 -0.8378 0.2385
vn 0.9253 -0.1521 -0.3475
vn 0.4749 0.7176 -0.5095
vn -0.3984 0.9121 -0.0969
vn -0.8399 0.2391 0.4873
vn -0.3951 -0.6414 0.6576
vn 0.5508 -0.7617 0.3411
vn 0.9170 -0.1625 -0.3642
vn 0.4031 0.6493 -0.6449
vn -0.4073 0.8726 -0.2697
vn -0.8368 0.3237 0.4415
vn -0.3878 -0.5009 0.7737
vn -0.5186 0.4556 0.7235
vn -0.9464 -0.2644 0.1856
vn -0.4595 -0.6638 -0.5901
vn 0.4163 -0.3664 -0.8321
vn 0.8794 0.3520 -0.3204
vn 0.4295 0.7768 0.4605
vn -0.4851 0.3908 0.7823
vn -0.9483 -0.2600 0.1822
vn -0.4966 -0.5831 -0.6430
vn 0.4117 -0.2618 -0.8729
vn 0.8789 0.3861 -0.2802
vn 0.4314 0.7148 0.5504
vn -0.4850 0.2941 0.8236
vn -0.9492 -0.2776 0.1485
vn -0.4982 -0.4976 -0.7101
vn 0.4103 -0.1520 -0.8992
vn 0.8786 0.4174 -0.2319
vn 0.4319 0.6426 0.6328
vn -0.4848 0.1930 0.8530
vn -0.9500 -0.2909 0.1132
vn -0.4997 -0.4045 -0.7660
vn 0.4089 -0.0397 -0.9117
vn 0.8783 0.4429 -0.1802
vn 0.4325 0.5610 0.7059
vn -0.4847 0.0892 0.8701
vn -0.9509 -0.2999 0.0769
vn -0.5011 -0.3053 -0.8097
vn 0.4074 0.0735 -0.9103
vn 0.8779 0.4620 -0.1258
vn 0.4329 0.4713 0.7684
vn -0.4846 -0.0160 0.8746
vn -0.9517 -0.3045 0.0401
vn -0.5026 -0.2016 -0.8407
vn 0.4059 0.1858 -0.8948
vn 0.8775 0.4746 -0.0694
vn 0.4334 0.3746 0.8196
vn -0.4845 -0.1211 0.8664
vn -0.9524 -0.3048 0.0033
vn -0.5040 -0.0950 -0.8585
vn 0.4044 0.2953 -0.8656
vn 0.8770 0.4803 -0.0118
vn 0.4338 0.2726 0.8588
vn -0.4843 -0.2244 0.8456
vn -0.9531 -0.3007 -0.0330
vn -0.5054 0.0129 -0.8628
vn 0.4028 0.4006 -0.8229
vn 0.8765 0.4792 0.0462
vn 0.4342 0.1667 0.8852
vn -0.4679 -0.3634 0.8056
vn -0.9393 -0.3343 -0.0766
vn -0.4903 0.0754 -0.8683
vn 0.4249 0.4550 -0.7826
vn 0.8990 0.4275 0.0951
vn 0.4525 0.0179 0.8916
vn -0.4564 -0.4828 0.7474
vn -0.9291 -0.3482 -0.1245
vn -0.4796 0.1526 -0.8641
vn 0.4394 0.5179 -0.7340
vn 0.9132 0.3841 0.1363
vn 0.4646 -0.1168 0.8778
vn -0.4560 -0.5699 0.6835
vn -0.9294 -0.3300 -0.1651
vn -0.4802 0.2567 -0.8387
vn 0.4391 0.6030 -0.6660
vn 0.9136 0.3640 0.1811
vn 0.4653 -0.2230 0.8566
vn -0.4556 -0.6487 0.6096
vn -0.9297 -0.3072 -0.2031
vn -0.4809 0.3569 -0.8008
vn 0.4388 0.6793 -0.5882
vn 0.9140 0.3389 0.2231
vn 0.4660 -0.3258 0.8226
vn -0.4552 -0.7180 0.5266
vn -0.9300 -0.2801 -0.2381
vn -0.4815 0.4517 -0.7511
vn 0.4385 0.7456 -0.5017
vn 0.9143 0.3091 0.2617
vn 0.4667 -0.4235 0.7764
vn -0.4548 -0.7767 0.4358
vn -0.9302 -0.2491 -0.2695
vn -0.4821 0.5396 -0.6902
vn 0.4382 0.8010 -0.4078
vn 0.9146 0.2749 0.2965
vn 0.4674 -0.5148 0.7187
vn -0.4544 -0.8240 0.3385
vn -0.9304 -0.2146 -0.2971
vn -0.4826 0.6195 -0.6191
vn 0.4379 0.8447 -0.3079
vn -0.9149 -0.2369 -0.3268
vn 0.4681 -0.5983 0.6503
vn -0.4540 -0.8592 0.2361
vn -0.9306 -0.1772 -0.3203
vn -0.4832 0.6900 -0.5389
vn 0.4375 0.8759 -0.2033
vn -0.9152 -0.1956 -0.3524
vn 0.4687 -0.6729 0.5724
vn -0.4536 -0.8817 0.1302
vn -0.9308 -0.1373 -0.3388
vn -0.4838 0.7502 -0.4508
vn 0.4372 0.8943 -0.0957
vn 0.9154 0.1516 0.3729
vn 0.4693 -0.7373 0.4860
vn -0.4531 -0.8912 0.0223
vn 0.9309 0.0955 0.3525
vn -0.4843 0.7992 -0.3561
vn 0.4368 0.8995 0.0134
vn 0.9156 0.1056 0.3881
vn 0.4699 -0.7907 0.3925
vn -0.4527 -0.8875 -0.0860
vn -0.9310 -0.0525 -0.3612
vn -0.4848 0.8363 -0.2562
vn 0.4364 0.8914 0.1224
vn 0.9157 0.0581 0.3976
vn 0.4704 -0.8323 0.2933
vn -0.4522 -0.8707 -0.1931
vn -0.9311 -0.0087 -0.3646
vn -0.4854 0.8609 -0.1525
vn 0.4360 0.8701 0.2297
vn 0.9158 0.0099 0.4014
vn 0.4710 -0.8615 0.1898
vn -0.4518 -0.8411 -0.2974
vn -0.9312 0.0351 -0.3629
vn -0.4859 0.8728 -0.0467
vn 0.4356 0.8361 0.3336
vn 0.9159 -0.0384 0.3995
vn 0.4715 -0.8779 0.0837
vn -0.4513 -0.7990 -0.3974
vn -0.9312 0.0784 -0.3559
vn -0.4864 0.8717 0.0596
vn 0.4351 0.7896 0.4327
vn 0.9160 -0.0861 0.3918
vn 0.4721 -0.8813 -0.0236
vn -0.4508 -0.7451 -0.4916
vn -0.9313 0.1205 -0.3439
vn -0.4869 0.8578 0.1650
vn 0.4347 0.7314 0.5255
vn 0.9160 -0.1326 0.3786
vn 0.4726 -0.8716 -0.1305
vn -0.4504 -0.6800 -0.5786
vn -0.9313 0.1609 -0.3269
vn -0.4873 0.8311 0.2679
vn 0.4342 0.6624 0.6105
vn 0.9160 -0.1771 0.3599
vn 0.4731 -0.8490 -0.2353
vn -0.4499 -0.6049 -0.6571
vn -0.9312 0.1991 -0.3053
vn -0.4878 0.7922 0.3667
vn 0.4337 0.5835 0.6866
vn 0.9160 -0.2191 0.3360
vn 0.4735 -0.8140 -0.3365
vn -0.4493 -0.5208 -0.7259
vn -0.9312 0.2344 -0.2792
vn -0.4883 0.7416 0.4600
vn 0.4332 0.4959 0.7527
vn 0.9160 -0.2580 0.3073
vn 0.4740 -0.7669 -0.4327
vn -0.4488 -0.4288 -0.7840
vn -0.9311 0.2663 -0.2492
vn -0.4887 0.6801 0.5465
vn 0.4326 0.4008 0.8076
vn 0.9159 -0.2932 0.2742
vn 0.4744 -0.7085 -0.5224
vn -0.4483 -0.3304 -0.8306
vn -0.9310 0.2945 -0.2156
vn -0.4892 0.6086 0.6248
vn 0.4320 0.2998 0.8506
vn 0.9157 -0.3243 0.2371
vn 0.4749 -0.6398 -0.6043
vn -0.4477 -0.2271 -0.8649
vn -0.9309 0.3185 -0.1788
vn -0.4897 0.5281 0.6938
vn 0.4315 0.1942 0.8810
vn 0.9156 -0.3508 0.1966
vn 0.4753 -0.5616 -0.6772
vn -0.4472 -0.1203 -0.8863
vn -0.9308 0.3380 -0.1394
vn -0.4901 0.4400 0.7525
vn 0.4308 0.0856 0.8984
vn 0.9154 -0.3722 0.1532
vn 0.4757 -0.4753 -0.7401
vn -0.4466 -0.0116 -0.8947
vn -0.9306 0.3527 -0.0979
vn -0.4906 0.3454 0.8000
vn 0.4302 -0.0244 0.9024
vn 0.9152 -0.3884 0.1074
vn 0.4761 -0.3820 -0.7921
vn -0.4460 0.0974 -0.8897
vn -0.9304 0.3624 -0.0549
vn -0.4910 0.2458 0.8358
vn 0.4295 -0.1341 0.8930
vn 0.9150 -0.3990 0.0600
vn 0.4765 -0.2832 -0.8323
vn -0.4453 0.2050 -0.8716
vn -0.9302 0.3669 -0.0111
vn -0.4915 0.1427 0.8591
vn 0.4289 -0.2419 0.8704
vn 0.9147 -0.4040 0.0116
vn 0.4769 -0.1803 -0.8603
vn -0.4447 0.3097 -0.8404
vn -0.9300 0.3661 0.0331
vn -0.4919 0.0375 0.8698
vn 0.4281 -0.3463 0.8347
vn 0.9144 -0.4031 -0.0371
vn 0.4773 -0.0748 -0.8756
vn -0.4440 0.4099 -0.7968
vn -0.9297 0.3601 0.0770
vn -0.4923 -0.0682 0.8677
vn 0.4274 -0.4456 0.7866
vn 0.9140 -0.3965 -0.0854
vn 0.4776 0.0317 -0.8780
vn -0.4433 0.5041 -0.7412
vn -0.9294 0.3490 0.1199
vn -0.4928 -0.1727 0.8528
vn 0.4266 -0.5384 0.7267
vn 0.9137 -0.3842 -0.1328
vn 0.4780 0.1376 -0.8675
vn -0.4426 0.5908 -0.6745
vn -0.9291 0.3328 0.1613
vn -0.4932 -0.2746 0.8254
vn 0.4258 -0.6233 0.6558
vn 0.9133 -0.3662 -0.1784
vn 0.4783 0.2415 -0.8443
vn -0.4419 0.6689 -0.5977
vn -0.9288 0.3117 0.2005
vn -0.4937 -0.3725 0.7859
vn 0.4250 -0.6990 0.5751
vn 0.9128 -0.3430 -0.2217
vn 0.4787 0.3418 -0.8087
vn -0.4411 0.7371 -0.5119
vn -0.9284 0.2861 0.2371
vn -0.4941 -0.4647 0.7348
vn 0.4241 -0.7644 0.4857
vn 0.9123 -0.3146 -0.2620
vn 0.4790 0.4369 -0.7613
vn -0.4404 0.7944 -0.4183
vn -0.9280 0.2562 0.2704
vn -0.4946 -0.5501 0.6729
vn 0.4232 -0.8183 0.3889
vn 0.9118 -0.2817 -0.2987
vn 0.4794 0.5256 -0.7028
vn -0.4396 0.8399 -0.3184
vn -0.9276 0.2225 0.3001
vn -0.4950 -0.6273 0.6012
vn 0.4223 -0.8602 0.2861
vn -0.9113 0.2444 0.3314
vn 0.4797 0.6065 -0.6340
vn -0.4387 0.8729 -0.2135
vn -0.9272 0.1854 0.3256
vn -0.4955 -0.6952 0.5207
vn 0.4213 -0.8891 0.1788
vn -0.9107 0.2035 0.3596
vn 0.4800 0.6786 -0.5560
vn -0.4378 0.8929 -0.1054
vn 0.9267 -0.1455 -0.3466
vn -0.4959 -0.7529 0.4327
vn 0.4202 -0.9048 0.0687
vn 0.9100 -0.1593 -0.3827
vn 0.4803 0.7406 -0.4699
vn -0.4369 0.8995 0.0045
vn 0.9262 -0.1032 -0.3628
vn -0.4964 -0.7995 0.3383
vn 0.4192 -0.9069 -0.0426
vn 0.9093 -0.1125 -0.4005
vn 0.4807 0.7917 -0.3770
vn -0.4360 0.8926 0.1145
vn -0.9256 0.0591 0.3739
vn -0.4969 -0.8343 0.2390
vn 0.4180 -0.8954 -0.1534
vn 0.9086 -0.0638 -0.4127
vn 0.4810 0.8313 -0.2786
vn -0.4350 0.8724 0.2230
vn -0.9250 0.0138 0.3797
vn -0.4974 -0.8568 0.1363
vn 0.4169 -0.8703 -0.2622
vn 0.9079 -0.0138 -0.4191
vn 0.4813 0.8587 -0.1763
vn -0.4340 0.8390 0.3282
vn -0.9244 -0.0320 0.3801
vn -0.4979 -0.8667 0.0317
vn 0.4156 -0.8321 -0.3672
vn 0.9070 0.0369 -0.4194
vn 0.4816 0.8735 -0.0714
vn -0.4329 0.7929 0.4288
vn -0.9237 -0.0777 0.3751
vn -0.4984 -0.8639 -0.0733
vn 0.4144 -0.7813 -0.4668
vn 0.9062 0.0875 -0.4138
vn 0.4819 0.8756 0.0345
vn -0.4318 0.7348 0.5230
vn -0.9230 -0.1227 0.3646
vn -0.4989 -0.8484 -0.1772
vn 0.4130 -0.7185 -0.5596
vn 0.9052 0.1372 -0.4021
vn 0.4822 0.8648 0.1398
vn -0.4307 0.6656 0.6095
vn -0.9223 -0.1663 0.3488
vn -0.4994 -0.8204 -0.2783
vn 0.4116 -0.6447 -0.6442
vn 0.9043 0.1855 -0.3846
vn 0.4825 0.8415 0.2430
vn -0.4295 0.5861 0.6870
vn -0.9215 -0.2080 0.3279
vn -0.5000 -0.7805 -0.3754
vn 0.4102 -0.5610 -0.7191
vn 0.9032 0.2316 -0.3613
vn 0.4828 0.8059 0.3426
vn -0.4153 0.4785 0.7737
vn -0.9079 -0.2666 0.3235
vn -0.4871 -0.7521 -0.4439
vn 0.4247 -0.4925 -0.7597
vn 0.9168 0.2532 -0.3088
vn 0.4954 0.7381 0.4580
vn -0.3931 0.3462 0.8518
vn -0.8852 -0.3384 0.3192
vn -0.4659 -0.7303 -0.4996
vn 0.4466 -0.4348 -0.7820
vn 0.9360 0.2524 -0.2452
vn 0.5139 0.6407 0.5704
vn -0.3902 0.2367 0.8898
vn -0.8828 -0.3782 0.2788
vn -0.4652 -0.6662 -0.5829
vn 0.4460 -0.3368 -0.8293
vn 0.9359 0.2801 -0.2135
vn 0.5155 0.5649 0.6444
vn -0.3871 0.1230 0.9138
vn -0.8802 -0.4132 0.2335
vn -0.4646 -0.5926 -0.6580
vn 0.4453 -0.2336 -0.8643
vn 0.9358 0.3040 -0.1788
vn 0.5171 0.4804 0.7084
vn -0.3839 0.0068 0.9234
vn -0.8775 -0.4430 0.1838
vn -0.4639 -0.5107 -0.7238
vn 0.4446 -0.1268 -0.8867
vn 0.9356 0.3236 -0.1414
vn 0.5188 0.3887 0.7614
vn -0.3805 -0.1101 0.9182
vn -0.8746 -0.4670 0.1303
vn -0.4633 -0.4216 -0.7795
vn 0.4438 -0.0180 -0.8959
vn 0.9353 0.3387 -0.1020
vn 0.5205 0.2912 0.8027
vn -0.3768 -0.2258 0.8983
vn -0.8716 -0.4846 0.0737
vn -0.4626 -0.3264 -0.8243
vn 0.4430 0.0914 -0.8919
vn 0.9351 0.3492 -0.0610
vn 0.5224 0.1894 0.8314
vn -0.3730 -0.3385 0.8639
vn -0.8684 -0.4956 0.0148
vn -0.4619 -0.2266 -0.8575
vn 0.4420 0.1997 -0.8745
vn 0.9347 0.3549 -0.0190
vn 0.5243 0.0848 0.8473
vn -0.3687 -0.4468 0.8151
vn -0.8648 -0.5000 -0.0459
vn -0.4614 -0.1231 -0.8786
vn 0.4791 0.3223 -0.8164
vn 0.9344 0.3491 0.0700
vn 0.4883 -0.0411 0.8717
vn -0.4781 0.4808 -0.7350
vn -0.9279 0.3433 0.1455
vn -0.4746 -0.1858 0.8603
vn 0.4973 -0.5955 0.6310
vn 0.8694 -0.4063 -0.2810
vn 0.3427 0.1357 -0.9296
vn -0.5418 0.6307 -0.5556
vn -0.9286 0.2441 0.2795
vn -0.4076 -0.4334 0.8038
vn 0.4966 -0.7185 0.4869
vn 0.8769 -0.3254 -0.3538
vn 0.3526 0.3478 -0.8687
vn -0.5378 0.7414 -0.4012
vn -0.9305 0.1755 0.3215
vn -0.4115 -0.6019 0.6843
vn 0.4965 -0.8067 0.3203
vn 0.8833 -0.2338 -0.4064
vn 0.3611 0.5378 -0.7618
vn -0.5344 0.8145 -0.2259
vn -0.9321 0.1005 0.3480
vn -0.4148 -0.7387 0.5313
vn 0.4966 -0.8568 0.1387
vn 0.8889 -0.1357 -0.4375
vn 0.3684 0.6967 -0.6155
vn -0.5313 0.8463 -0.0386
vn -0.9335 0.0224 0.3580
vn -0.4175 -0.8374 0.3527
vn 0.4968 -0.8664 -0.0493
vn 0.8939 -0.0356 -0.4468
vn 0.3749 0.8169 -0.4382
vn -0.5286 0.8353 0.1510
vn -0.9346 -0.0554 0.3513
vn -0.4199 -0.8938 0.1575
vn 0.4971 -0.8353 -0.2349
vn -0.8985 -0.0619 0.4347
vn 0.3807 0.8931 -0.2396
vn -0.5262 0.7822 0.3336
vn -0.9356 -0.1294 0.3284
vn -0.4219 -0.9055 -0.0447
vn 0.4974 -0.7648 -0.4094
vn 0.9025 0.1526 -0.4027
vn 0.3859 0.9220 -0.0300
vn -0.5240 0.6897 0.4997
vn 0.9365 0.1964 -0.2905
vn -0.4237 -0.8724 -0.2438
vn 0.4977 -0.6584 -0.5646
vn 0.9062 0.2327 -0.3529
vn 0.3906 0.9029 0.1795
vn -0.5103 0.5421 0.6676
vn -0.9220 -0.2798 0.2677
vn -0.4068 -0.8221 -0.3984
vn 0.5123 -0.5456 -0.6633
vn 0.9238 0.2767 -0.2644
vn 0.4089 0.8192 0.4021
vn -0.5013 0.3653 0.7844
vn -0.9126 -0.3493 0.2125
vn -0.3965 -0.7326 -0.5532
vn 0.5205 -0.4080 -0.7501
vn 0.9345 0.3054 -0.1828
vn 0.4207 0.6919 0.5867
vn -0.5008 0.1854 0.8455
vn -0.9146 -0.3830 0.1297
vn -0.3993 -0.5898 -0.7019
vn 0.5195 -0.2337 -0.8219
vn 0.9359 0.3345 -0.1107
vn 0.4229 0.5434 0.7252
vn -0.5003 -0.0036 0.8658
vn -0.9164 -0.3980 0.0424
vn -0.4018 -0.4179 -0.8148
vn 0.5185 -0.0479 -0.8538
vn 0.9371 0.3473 -0.0348
vn 0.4248 0.3683 0.8270
vn -0.4999 -0.1926 0.8444
vn -0.9180 -0.3939 -0.0451
vn -0.4042 -0.2257 -0.8864
vn 0.5176 0.1406 -0.8440
vn 0.9382 0.3436 0.0413
vn 0.4266 0.1754 0.8873
vn -0.4994 -0.3725 0.7822
vn -0.9196 -0.3712 -0.1289
vn -0.4063 -0.0228 -0.9134
vn 0.5167 0.3224 -0.7932
vn 0.9393 0.3236 0.1143
vn 0.4283 -0.0257 0.9033
vn -0.4990 -0.5346 0.6821
vn -0.9209 -0.3314 -0.2052
vn -0.4083 0.1806 -0.8948
vn 0.5159 0.4887 -0.7036
vn 0.9402 0.2887 0.1807
vn 0.4298 -0.2249 0.8744
vn -0.4986 -0.6709 0.5489
vn -0.9222 -0.2764 -0.2705
vn -0.4102 0.3743 -0.8316
vn 0.5151 0.6314 -0.5796
vn 0.9411 0.2407 0.2376
vn 0.4313 -0.4126 0.8023
vn -0.4981 -0.7749 0.3890
vn -0.9233 -0.2092 -0.3221
vn -0.4119 0.5490 -0.7273
vn 0.5144 0.7436 -0.4273
vn 0.9418 0.1819 0.2826
vn 0.4326 -0.5795 0.6907
vn -0.4977 -0.8415 0.2102
vn -0.9243 -0.1330 -0.3577
vn -0.4135 0.6959 -0.5871
vn 0.5136 0.8196 -0.2539
vn 0.9425 0.1153 0.3136
vn 0.4339 -0.7174 0.5451
vn -0.4973 -0.8673 0.0210
vn -0.9253 -0.0514 -0.3758
vn -0.4150 0.8080 -0.4181
vn 0.5130 0.8557 -0.0680
vn 0.9432 0.0439 0.3293
vn 0.4351 -0.8196 0.3729
vn -0.4969 -0.8511 -0.1695
vn -0.9261 0.0317 -0.3759
vn -0.4164 0.8799 -0.2288
vn 0.5123 0.8502 0.1214
vn 0.9438 -0.0288 0.3293
vn 0.4362 -0.8811 0.1825
vn -0.4964 -0.7936 -0.3518
vn -0.9269 0.1125 -0.3582
vn -0.4177 0.9081 -0.0286
vn 0.5117 0.8032 0.3051
vn 0.9443 -0.0995 0.3137
vn 0.4373 -0.8992 -0.0165
vn -0.4960 -0.6974 -0.5173
vn -0.9275 0.1871 -0.3235
vn -0.4189 0.8915 0.1727
vn 0.5110 0.7169 0.4742
vn 0.9448 -0.1648 0.2833
vn 0.4382 -0.8729 -0.2143
vn -0.4955 -0.5673 -0.6578
vn 0.9281 -0.2523 0.2738
vn -0.4200 0.8309 0.3650
vn 0.5104 0.5956 0.6202
vn 0.9452 -0.2218 0.2397
vn 0.4392 -0.8038 -0.4014
vn -0.4950 -0.4094 -0.7664
vn -0.9286 0.3049 -0.2114
vn -0.4211 0.7294 0.5391
vn 0.5098 0.4451 0.7362
vn 0.9455 -0.2679 0.1850
vn 0.4401 -0.6952 -0.5684
vn -0.4946 -0.2314 -0.8378
vn -0.9291 0.3427 -0.1393
vn -0.4221 0.5922 0.6864
vn 0.5092 0.2727 0.8163
vn 0.9458 -0.3009 0.1218
vn 0.4409 -0.5526 -0.7073
vn -0.4941 -0.0419 -0.8684
vn -0.9294 0.3639 -0.0610
vn -0.4230 0.4261 0.7997
vn 0.5086 0.0868 0.8566
vn 0.9461 -0.3195 0.0532
vn 0.4417 -0.3830 -0.8113
vn -0.4935 0.1498 -0.8567
vn -0.9297 0.3677 0.0199
vn -0.4238 0.2393 0.8736
vn 0.5080 -0.1036 0.8551
vn 0.9463 -0.3228 -0.0177
vn 0.4425 -0.1948 -0.8754
vn -0.4930 0.3344 -0.8032
vn -0.9300 0.3540 0.0995
vn -0.4246 0.0410 0.9044
vn 0.5074 -0.2891 0.8117
vn 0.9465 -0.3107 -0.0875
vn 0.4432 0.0026 -0.8964
vn -0.4925 0.5029 -0.7103
vn -0.9301 0.3233 0.1742
vn -0.4253 -0.1590 0.8909
vn 0.5069 -0.4607 0.7286
vn 0.9466 -0.2839 -0.1530
vn 0.4439 0.1998 -0.8735
vn -0.4919 0.6470 -0.5826
vn -0.9302 0.2773 0.2404
vn -0.4260 -0.3511 0.8338
vn 0.5063 -0.6099 0.6097
vn 0.9466 -0.2435 -0.2111
vn 0.4445 0.3870 -0.8079
vn -0.4913 0.7596 -0.4262
vn -0.9302 0.2181 0.2951
vn -0.4266 -0.5257 0.7359
vn 0.5057 -0.7293 0.4608
vn 0.9467 -0.1916 -0.2590
vn 0.4452 0.5550 -0.7027
vn -0.4907 0.8351 -0.2487
vn -0.9302 0.1485 0.3357
vn -0.4272 -0.6745 0.6021
vn 0.5051 -0.8132 0.2891
vn 0.9467 -0.1306 -0.2946
vn 0.4458 0.6958 -0.5632
vn -0.4900 0.8697 -0.0587
vn -0.9301 0.0717 0.3602
vn -0.4277 -0.7901 0.4390
vn 0.5045 -0.8572 0.1031
vn 0.9466 -0.0632 -0.3162
vn 0.4463 0.8023 -0.3963
vn -0.4893 0.8617 0.1344
vn -0.9299 -0.0087 0.3676
vn -0.4282 -0.8671 0.2546
vn 0.5039 -0.8593 -0.0882
vn 0.9465 0.0072 -0.3227
vn 0.4469 0.8696 -0.2102
vn -0.4886 0.8112 0.3211
vn -0.9297 -0.0888 0.3574
vn -0.4287 -0.9016 0.0579
vn 0.5032 -0.8191 -0.2755
vn 0.9463 0.0775 -0.3138
vn 0.4474 0.8942 -0.0139
vn -0.4879 0.7208 0.4924
vn -0.9294 -0.1651 0.3301
vn -0.4290 -0.8921 -0.1415
vn 0.5026 -0.7385 -0.4494
vn -0.9461 -0.1443 0.2899
vn 0.4479 0.8752 0.1829
vn -0.4871 0.5947 0.6396
vn -0.9290 -0.2337 0.2868
vn -0.4294 -0.8391 -0.3338
vn 0.5019 -0.6216 -0.6014
vn 0.9459 0.2045 -0.2520
vn 0.4484 0.8134 0.3706
vn -0.4863 0.4390 0.7555
vn -0.9286 -0.2916 0.2296
vn -0.4297 -0.7453 -0.5098
vn 0.5012 -0.4738 -0.7241
vn 0.9456 0.2552 -0.2019
vn 0.4489 0.7119 0.5401
vn -0.4854 0.2613 0.8343
vn -0.9281 -0.3358 0.1610
vn -0.4300 -0.6152 -0.6608
vn 0.5005 -0.3025 -0.8112
vn 0.9452 0.2939 -0.1419
vn 0.4493 0.5757 0.6832
vn -0.4845 0.0704 0.8720
vn -0.9275 -0.3643 0.0841
vn -0.4302 -0.4553 -0.7795
vn 0.4998 -0.1160 -0.8583
vn 0.9448 0.3189 -0.0747
vn 0.4498 0.4114 0.7927
vn -0.4835 -0.1244 0.8665
vn -0.9268 -0.3755 0.0026
vn -0.4304 -0.2732 -0.8603
vn 0.4990 0.0765 -0.8632
vn 0.9444 0.3288 -0.0034
vn 0.4502 0.2272 0.8635
vn -0.4824 -0.3134 0.8179
vn -0.9261 -0.3688 -0.0799
vn -0.4306 -0.0780 -0.8992
vn 0.4982 0.2656 -0.8254
vn 0.9439 0.3231 0.0687
vn 0.4507 0.0320 0.8921
vn -0.4813 -0.4872 0.7287
vn -0.9252 -0.3444 -0.1593
vn -0.4307 0.1210 -0.8944
vn 0.4974 0.4418 -0.7466
vn 0.9433 0.3018 0.1381
vn 0.4511 -0.1646 0.8772
vn -0.4801 -0.6372 0.6029
vn -0.9243 -0.3031 -0.2320
vn -0.4308 0.3140 -0.8461
vn 0.4965 0.5964 -0.6307
vn 0.9427 0.2659 0.2017
vn 0.4515 -0.3532 0.8194
vn -0.4789 -0.7558 0.4466
vn -0.9232 -0.2468 -0.2945
vn -0.4308 0.4917 -0.7567
vn 0.4955 0.7218 -0.4832
vn 0.9420 0.2168 0.2562
vn 0.4519 -0.5244 0.7217
vn -0.4775 -0.8369 0.2677
vn -0.9221 -0.1778 -0.3437
vn -0.4308 0.6455 -0.6307
vn 0.4945 0.8115 -0.3114
vn 0.9412 0.1568 0.2992
vn 0.4524 -0.6699 0.5887
vn -0.4760 -0.8762 0.0748
vn -0.9208 -0.0992 -0.3771
vn -0.4308 0.7679 -0.4740
vn 0.4935 0.8609 -0.1237
vn 0.9404 0.0884 0.3285
vn 0.4528 -0.7826 0.4271
vn -0.4745 -0.8717 -0.1224
vn -0.9195 -0.0146 -0.3929
vn -0.4308 0.8531 -0.2944
vn 0.4923 0.8675 0.0707
vn 0.9394 0.0149 0.3424
vn 0.4533 -0.8571 0.2447
vn -0.4727 -0.8233 -0.3142
vn -0.9179 0.0722 -0.3901
vn -0.4307 0.8969 -0.1005
vn 0.4911 0.8308 0.2620
vn 0.9384 -0.0606 0.3401
vn 0.4538 -0.8897 0.0504
vn -0.4709 -0.7331 -0.4908
vn -0.9163 0.1571 -0.3684
vn -0.4306 0.8972 0.0983
vn 0.4898 0.7522 0.4407
vn 0.9373 -0.1343 0.3215
vn 0.4543 -0.8787 -0.1463
vn -0.4688 -0.6054 -0.6432
vn -0.9145 0.2362 -0.3286
vn -0.4305 0.8539 0.2924
vn 0.4883 0.6357 0.5979
vn -0.9361 0.2030 -0.2872
vn 0.4549 -0.8248 -0.3358
vn -0.4581 -0.4299 -0.7780
vn -0.9010 0.3251 -0.2874
vn -0.4172 0.7877 0.4532
vn 0.4955 0.5049 0.7068
vn 0.9430 -0.2456 0.2245
vn 0.4646 -0.7153 -0.5221
vn -0.4423 -0.2156 -0.8706
vn 0.8804 -0.4164 0.2270
vn -0.3970 0.7005 0.5931
vn 0.5062 0.3657 0.7810
vn 0.9530 -0.2615 0.1531
vn 0.4786 -0.5555 -0.6800
vn -0.4398 -0.0155 -0.8980
vn -0.8790 0.4583 -0.1311
vn -0.3985 0.5501 0.7339
vn 0.5036 0.1785 0.8453
vn 0.9512 -0.2939 0.0944
vn 0.4793 -0.3928 -0.7848
vn -0.4370 0.1865 -0.8799
vn -0.8775 0.4788 -0.0279
vn -0.4001 0.3721 0.8376
vn 0.5008 -0.0192 0.8654
vn 0.9491 -0.3135 0.0288
vn 0.4802 -0.2110 -0.8514
vn -0.4338 0.3801 -0.8169
vn -0.8757 0.4765 0.0780
vn -0.4017 0.1754 0.8988
vn 0.4975 -0.2174 0.8398
vn 0.9469 -0.3189 -0.0407
vn 0.4811 -0.0190 -0.8764
vn -0.4302 0.5557 -0.7115
vn -0.8736 0.4515 0.1817
vn -0.4035 -0.0302 0.9145
vn 0.4939 -0.4056 0.7691
vn 0.9444 -0.3093 -0.1114
vn 0.4823 0.1740 -0.8586
vn -0.4259 0.7039 -0.5684
vn -0.8712 0.4044 0.2785
vn -0.4055 -0.2341 0.8836
vn 0.4897 -0.5738 0.6565
vn 0.9416 -0.2844 -0.1800
vn 0.4838 0.3583 -0.7985
vn -0.4210 0.8169 -0.3942
vn -0.8684 0.3371 0.3638
vn -0.4078 -0.4262 0.8075
vn 0.4848 -0.7129 0.5068
vn 0.9385 -0.2448 -0.2435
vn 0.4856 0.5250 -0.6990
vn -0.4143 0.8885 -0.1973
vn -0.8654 0.2583 0.4294
vn -0.4171 -0.5932 0.6886
vn 0.4082 -0.8333 0.3728
vn 0.9310 -0.2570 -0.2593
vn 0.5511 0.6108 -0.5686
vn 0.3878 -0.0496 0.9204
vn 0.8368 -0.5214 0.1669
vn 0.4073 -0.5474 -0.7311
vn -0.4030 -0.1463 -0.9034
vn -0.9170 0.3455 -0.1992
vn -0.5508 0.4157 0.7237
vn 0.3951 0.1324 0.9090
vn 0.8399 -0.4799 0.2537
vn 0.3984 -0.6809 -0.6145
vn -0.4749 -0.2810 -0.8340
vn -0.9253 0.3273 -0.1917
vn -0.4912 0.5376 0.6854
vn 0.4005 0.3072 0.8633
vn 0.8428 -0.4201 0.3365
vn 0.3957 -0.7882 -0.4714
vn -0.4805 -0.4416 -0.7577
vn -0.9288 0.2794 -0.2435
vn -0.4892 0.6584 0.5720
vn 0.4051 0.4687 0.7850
vn 0.8453 -0.3468 0.4065
vn 0.3932 -0.8655 -0.3104
vn -0.4854 -0.5825 -0.6520
vn -0.9319 0.2243 -0.2849
vn -0.4876 0.7554 0.4378
vn 0.4092 0.6111 0.6776
vn -0.8692 0.1571 -0.4689
vn 0.3910 -0.9101 -0.1375
vn -0.4897 -0.6988 -0.5214
vn -0.9348 0.1639 -0.3152
vn -0.4863 0.8251 0.2877
vn 0.4128 0.7294 0.5455
vn -0.8743 0.0647 -0.4811
vn 0.3888 -0.9204 0.0407
vn -0.4936 -0.7864 -0.3714
vn -0.9374 0.1003 -0.3336
vn -0.4851 0.8652 0.1271
vn 0.4160 0.8197 0.3937
vn 0.8509 -0.0729 0.5202
vn 0.3868 -0.8961 0.2176
vn -0.4971 -0.8424 -0.2080
vn 0.9214 0.0274 0.3877
vn -0.4841 0.8742 -0.0381
vn 0.4189 0.8789 0.2282
vn 0.8523 0.0260 0.5224
vn 0.3848 -0.8382 0.3865
vn -0.5003 -0.8650 -0.0377
vn -0.9418 -0.0278 -0.3350
vn -0.4833 0.8518 -0.2021
vn 0.4390 0.8983 0.0182
vn 0.8776 0.1157 0.4652
vn 0.4093 -0.7644 0.4982
vn -0.4862 -0.8692 0.0899
vn -0.9291 -0.0956 -0.3573
vn -0.4660 0.7926 -0.3934
vn 0.4526 0.8738 -0.1779
vn 0.8942 0.1891 0.4057
vn 0.4254 -0.6709 0.6074
vn -0.4767 -0.8485 0.2299
vn -0.9202 -0.1684 -0.3533
vn -0.4540 0.6953 -0.5572
vn 0.4551 0.8218 -0.3428
vn 0.8963 0.2595 0.3597
vn 0.4253 -0.5446 0.7229
vn -0.4785 -0.7876 0.3883
vn -0.9216 -0.2295 -0.3129
vn -0.4533 0.5776 -0.6789
vn 0.4573 0.7394 -0.4941
vn 0.8981 0.3196 0.3020
vn 0.4253 -0.3988 0.8125
vn -0.4802 -0.6977 0.5317
vn -0.9229 -0.2817 -0.2624
vn -0.4525 0.4390 -0.7762
vn 0.4594 0.6297 -0.6264
vn 0.8999 0.3676 0.2348
vn 0.4252 -0.2387 0.8730
vn -0.4817 -0.5823 0.6549
vn -0.9241 -0.3235 -0.2036
vn -0.4519 0.2845 -0.8455
vn 0.4613 0.4971 -0.7349
vn 0.9014 0.4021 0.1605
vn 0.4251 -0.0700 0.9024
vn -0.4832 -0.4457 0.7536
vn -0.9252 -0.3534 -0.1385
vn -0.4512 0.1197 -0.8843
vn 0.4631 0.3465 -0.8158
vn 0.9029 0.4221 0.0816
vn 0.4250 0.1012 0.8995
vn -0.4845 -0.2931 0.8242
vn -0.9261 -0.3707 -0.0695
vn -0.4506 -0.0496 -0.8913
vn 0.4648 0.1835 -0.8662
vn 0.9042 0.4271 0.0010
vn 0.4249 0.2688 0.8644
vn -0.4858 -0.1301 0.8643
vn -0.9270 -0.3750 0.0011
vn -0.4500 -0.2172 -0.8662
vn 0.4664 0.0143 -0.8845
vn 0.9054 0.4173 -0.0787
vn 0.4247 0.4269 0.7983
vn -0.4870 0.0373 0.8726
vn -0.9279 -0.3662 0.0708
vn -0.4494 -0.3771 -0.8098
vn 0.4678 -0.1549 -0.8701
vn 0.9065 0.3929 -0.1547
vn 0.4245 0.5698 0.7037
vn -0.4881 0.2029 0.8489
vn -0.9286 -0.3447 0.1374
vn -0.4489 -0.5234 -0.7242
vn 0.4692 -0.3180 -0.8238
vn 0.9074 0.3552 -0.2245
vn 0.4243 0.6923 0.5837
vn -0.4892 0.3607 0.7941
vn -0.9293 -0.3115 0.1986
vn -0.4483 -0.6511 -0.6125
vn 0.4705 -0.4690 -0.7474
vn -0.9291 -0.2169 0.2995
vn 0.4240 0.7901 0.4427
vn -0.4902 0.5050 0.7104
vn -0.9299 -0.2677 0.2524
vn -0.4477 -0.7553 -0.4786
vn 0.4717 -0.6025 -0.6438
vn 0.9091 0.2454 -0.3367
vn 0.4237 0.8595 0.2858
vn -0.4912 0.6305 0.6010
vn -0.9304 -0.2149 0.2969
vn -0.4471 -0.8324 -0.3273
vn 0.4729 -0.7136 -0.5169
vn 0.9098 0.1772 -0.3753
vn 0.4234 0.8982 0.1185
vn -0.4921 0.7329 0.4698
vn -0.9309 -0.1551 0.3308
vn -0.4465 -0.8796 -0.1641
vn 0.4740 -0.7984 -0.3714
vn 0.9104 0.1034 -0.4007
vn 0.4230 0.9046 -0.0531
vn -0.4930 0.8084 0.3217
vn 0.9098 0.0265 -0.4142
vn -0.4459 -0.8950 0.0051
vn 0.4750 -0.8539 -0.2126
vn -0.9312 0.0460 0.3616
vn 0.4225 0.8785 -0.2230
vn -0.4939 0.8543 0.1622
vn -0.9316 -0.0224 0.3627
vn -0.4453 -0.8782 0.1743
vn 0.4760 -0.8782 -0.0464
vn -0.9316 0.1126 0.3457
vn 0.4221 0.8207 -0.3850
vn -0.4947 0.8691 -0.0029
vn -0.9319 0.0458 0.3598
vn -0.4447 -0.8297 0.3373
vn 0.4769 -0.8706 0.1211
vn 0.9117 -0.1267 -0.3909
vn 0.4216 0.7334 -0.5333
vn -0.4955 0.8523 -0.1677
vn -0.9321 0.1122 0.3443
vn -0.4441 -0.7512 0.4883
vn 0.4778 -0.8313 0.2840
vn 0.9119 -0.1975 -0.3597
vn 0.4210 0.6195 -0.6625
vn -0.4963 0.8046 -0.3261
vn 0.9117 -0.2618 -0.3167
vn -0.4434 -0.6455 0.6219
vn 0.4786 -0.7620 0.4363
vn 0.9121 -0.2611 -0.3159
vn 0.4204 0.4832 -0.7680
vn -0.4971 0.7278 -0.4725
vn -0.9325 0.2304 0.2783
vn -0.4427 -0.5164 0.7330
vn 0.4794 -0.6651 0.5725
vn 0.9123 -0.3155 -0.2612
vn 0.4197 0.3293 -0.8458
vn -0.4978 0.6248 -0.6015
vn -0.9325 0.2783 0.2301
vn -0.4420 -0.3685 0.8178
vn 0.4802 -0.5443 0.6878
vn 0.9123 -0.3588 -0.1973
vn 0.4190 0.1633 -0.8932
vn -0.4986 0.4993 -0.7086
vn -0.9326 0.3164 0.1739
vn -0.4413 -0.2071 0.8732
vn 0.4809 -0.4041 0.7781
vn 0.9123 -0.3896 -0.1266
vn 0.4183 -0.0088 -0.9083
vn -0.4993 0.3559 -0.7900
vn -0.9325 0.3434 0.1116
vn -0.4405 -0.0380 0.8970
vn 0.4816 -0.2495 0.8401
vn 0.9121 -0.4066 -0.0513
vn 0.4174 -0.1808 -0.8905
vn -0.5000 0.1998 -0.8426
vn -0.9324 0.3585 0.0453
vn -0.4397 0.1327 0.8883
vn 0.4823 -0.0861 0.8718
vn 0.9120 -0.4095 0.0259
vn 0.4166 -0.3465 -0.8405
vn -0.5007 0.0368 -0.8648
vn -0.9323 0.3610 -0.0226
vn -0.4389 0.2987 0.8475
vn 0.4830 0.0802 0.8720
vn 0.9117 -0.3979 0.1024
vn 0.4156 -0.4998 -0.7599
vn -0.5014 -0.1274 -0.8558
vn -0.9321 0.3509 -0.0899
vn -0.4380 0.4542 0.7758
vn 0.4836 0.2434 0.8408
vn 0.9113 -0.3724 0.1755
vn 0.4146 -0.6352 -0.6516
vn -0.5021 -0.2868 -0.8159
vn -0.9319 0.3284 -0.1543
vn -0.4371 0.5933 0.6760
vn 0.4842 0.3976 0.7794
vn -0.9319 0.2485 -0.2641
vn 0.4135 -0.7478 -0.5194
vn -0.5029 -0.4356 -0.7466
vn -0.9316 0.2943 -0.2135
vn -0.4361 0.7111 0.5514
vn 0.4848 0.5373 0.6901
vn 0.9104 -0.2829 0.3019
vn 0.4124 -0.8333 -0.3681
vn -0.5036 -0.5685 -0.6505
vn -0.9312 0.2498 -0.2655
vn -0.4351 0.8033 0.4067
vn 0.4853 0.6576 0.5762
vn 0.9098 -0.2220 0.3507
vn 0.4111 -0.8886 -0.2032
vn -0.5043 -0.6809 -0.5312
vn -0.9308 0.1962 -0.3085
vn -0.4341 0.8664 0.2469
vn 0.4858 0.7542 0.4417
vn 0.9091 -0.1528 0.3875
vn 0.4098 -0.9117 -0.0304
vn -0.5050 -0.7686 -0.3928
vn 0.9098 -0.0772 0.4078
vn -0.4330 0.8980 0.0779
vn 0.4864 0.8236 0.2916
vn 0.9084 -0.0777 0.4109
vn 0.4084 -0.9014 0.1437
vn -0.5057 -0.8285 -0.2406
vn -0.9297 0.0695 -0.3616
vn -0.4318 0.8970 -0.0942
vn 0.4869 0.8636 0.1312
vn -0.9299 -0.0682 -0.3615
vn 0.4069 -0.8581 0.3130
vn -0.5065 -0.8586 -0.0798
vn -0.9291 0.0005 -0.3697
vn -0.4306 0.8633 -0.2633
vn 0.4874 0.8725 -0.0337
vn 0.9065 0.0799 0.4145
vn 0.4053 -0.7833 0.4713
vn -0.5072 -0.8578 0.0836
vn -0.9284 -0.0690 -0.3650
vn -0.4293 0.7980 -0.4230
vn 0.4879 0.8504 -0.1972
vn 0.9054 0.1571 0.3943
vn 0.4036 -0.6796 0.6126
vn -0.5080 -0.8261 0.2438
vn -0.9277 -0.1368 -0.3474
vn -0.4279 0.7034 -0.5676
vn 0.4883 0.7979 -0.3535
vn 0.9043 0.2297 0.3600
vn 0.4018 -0.5506 0.7317
vn -0.5088 -0.7649 0.3950
vn 0.9054 0.2913 0.3089
vn -0.4264 0.5828 -0.6917
vn 0.4888 0.7170 -0.4970
vn 0.9029 0.2950 0.3125
vn 0.3998 -0.4010 0.8242
vn -0.5096 -0.6763 0.5319
vn -0.9260 -0.2579 -0.2758
vn -0.4249 0.4406 -0.7908
vn 0.4893 0.6106 -0.6227
vn 0.9015 0.3508 0.2534
vn 0.3977 -0.2361 0.8866
vn -0.5105 -0.5635 0.6495
vn -0.9250 -0.3070 -0.2241
vn -0.4232 0.2819 -0.8610
vn 0.4897 0.4826 -0.7261
vn 0.8999 0.3951 0.1844
vn 0.3955 -0.0619 0.9164
vn -0.5114 -0.4307 0.7436
vn -0.9239 -0.3459 -0.1638
vn -0.4215 0.1124 -0.8999
vn 0.4902 0.3376 -0.8036
vn 0.8982 0.4261 0.1079
vn 0.3930 0.1151 0.9123
vn -0.5123 -0.2826 0.8110
vn -0.9227 -0.3732 -0.0969
vn -0.4196 -0.0617 -0.9056
vn 0.4907 0.1807 -0.8524
vn 0.8963 0.4426 0.0262
vn 0.3904 0.2885 0.8743
vn -0.5133 -0.1246 0.8491
vn -0.9214 -0.3879 -0.0255
vn -0.4175 -0.2341 -0.8780
vn 0.4912 0.0176 -0.8709
vn 0.8943 0.4437 -0.0579
vn 0.3876 0.4519 0.8035
vn -0.5144 0.0377 0.8567
vn -0.9199 -0.3891 0.0479
vn -0.4154 -0.3984 -0.8178
vn 0.4917 -0.1460 -0.8584
vn 0.8920 0.4292 -0.1416
vn 0.3845 0.5990 0.7024
vn -0.5155 0.1984 0.8336
vn -0.9184 -0.3767 0.1210
vn -0.4130 -0.5485 -0.7270
vn 0.5033 -0.3253 -0.8006
vn -0.9291 -0.2873 0.2328
vn 0.3974 0.6998 0.5936
vn -0.5046 0.3279 0.7987
vn -0.9051 -0.3725 0.2050
vn -0.3987 -0.6978 -0.5951
vn 0.5207 -0.4965 -0.6945
vn 0.9223 0.2995 -0.2443
vn 0.4183 0.7693 0.4829
vn -0.4856 0.4403 0.7552
vn 0.8523 0.3281 -0.4074
vn -0.3765 -0.8244 -0.4227
vn 0.5233 -0.6192 -0.5855
vn 0.9214 0.2501 -0.2975
vn 0.4164 0.8480 0.3278
vn -0.4850 0.5725 0.6611
vn 0.8509 0.2468 -0.4637
vn -0.3712 -0.8933 -0.2533
vn 0.5260 -0.7185 -0.4550
vn 0.9203 0.1915 -0.3411
vn 0.4143 0.8960 0.1601
vn -0.4844 0.6851 0.5441
vn -0.8743 -0.2304 0.4272
vn -0.3654 -0.9280 -0.0726
vn 0.5290 -0.7908 -0.3078
vn 0.9191 0.1255 -0.3735
vn 0.4118 0.9111 -0.0145
vn -0.4839 0.7741 0.4082
vn -0.8692 -0.1485 0.4717
vn -0.3590 -0.9265 0.1125
vn 0.5324 -0.8332 -0.1496
vn 0.9177 0.0543 -0.3936
vn 0.4090 0.8927 -0.1895
vn -0.4834 0.8365 0.2582
vn -0.8635 -0.0580 0.5010
vn -0.3518 -0.8884 0.2950
vn 0.5362 -0.8440 0.0138
vn 0.9160 -0.0201 -0.4006
vn 0.4056 0.8407 -0.3586
vn -0.4829 0.8700 0.0991
vn -0.8572 0.0384 0.5136
vn -0.3438 -0.8143 0.4677
vn 0.5405 -0.8227 0.1762
vn 0.9141 -0.0951 -0.3942
vn 0.4017 0.7568 -0.5157
vn -0.4826 0.8735 -0.0636
vn -0.8501 0.1379 0.5082
vn -0.3348 -0.7063 0.6238
vn 0.4824 -0.7888 0.3810
vn 0.9133 -0.2379 -0.3305
vn 0.4621 0.5865 -0.6652
vn -0.4828 0.8463 -0.2249
vn -0.8419 0.2374 0.4845
vn -0.3243 -0.5675 0.7568
vn -0.4798 0.4757 0.7372
vn -0.9438 -0.2429 0.2243
vn -0.4928 -0.6688 -0.5566
vn 0.4596 -0.3443 -0.8187
vn 0.8836 0.3791 -0.2747
vn 0.3934 0.7733 0.4972
vn -0.5146 0.3572 0.7794
vn -0.9441 -0.2905 0.1561
vn -0.4572 -0.5930 -0.6628
vn 0.4600 -0.2441 -0.8537
vn 0.8859 0.4057 -0.2249
vn 0.3962 0.7038 0.5897
vn -0.5133 0.2584 0.8184
vn -0.9440 -0.3073 0.1204
vn -0.4575 -0.5084 -0.7295
vn 0.4605 -0.1409 -0.8764
vn 0.8879 0.4263 -0.1729
vn 0.3986 0.6237 0.6723
vn -0.5119 0.1555 0.8448
vn -0.9438 -0.3198 0.0829
vn -0.4578 -0.4165 -0.7854
vn 0.4610 -0.0357 -0.8867
vn 0.8898 0.4405 -0.1193
vn 0.4010 0.5343 0.7442
vn -0.5106 0.0501 0.8584
vn -0.9437 -0.3278 0.0441
vn -0.4581 -0.3185 -0.8299
vn 0.4615 0.0700 -0.8844
vn 0.8916 0.4482 -0.0648
vn 0.4033 0.4367 0.8042
vn -0.5093 -0.0563 0.8587
vn -0.9435 -0.3313 0.0045
vn -0.4583 -0.2160 -0.8621
vn 0.4620 0.1747 -0.8695
vn 0.8933 0.4493 -0.0103
vn 0.4054 0.3327 0.8514
vn -0.5080 -0.1619 0.8460
vn -0.9433 -0.3300 -0.0352
vn -0.4585 -0.1105 -0.8818
vn 0.4624 0.2768 -0.8424
vn 0.8950 0.4439 0.0436
vn 0.4075 0.2239 0.8853
vn -0.5068 -0.2653 0.8202
vn -0.9431 -0.3240 -0.0746
vn -0.4587 -0.0034 -0.8886
vn 0.4628 0.3750 -0.8032
vn 0.8966 0.4323 0.0961
vn 0.4095 0.1118 0.9054
vn -0.4902 -0.4047 0.7720
vn -0.9255 -0.3568 -0.1274
vn -0.4386 0.0585 -0.8968
vn 0.4820 0.4247 -0.7663
vn 0.9167 0.3765 0.1339
vn 0.4293 -0.0385 0.9024
vn -0.4788 -0.5211 0.7066
vn -0.9128 -0.3658 -0.1819
vn -0.4249 0.1377 -0.8947
vn 0.4937 0.4857 -0.7213
vn 0.9287 0.3316 0.1658
vn 0.4418 -0.1725 0.8804
vn -0.4784 -0.6028 0.6385
vn -0.9132 -0.3404 -0.2240
vn -0.4257 0.2458 -0.8708
vn 0.4933 0.5696 -0.6574
vn 0.9291 0.3086 0.2040
vn 0.4425 -0.2784 0.8524
vn -0.4780 -0.6758 0.5611
vn -0.9136 -0.3103 -0.2627
vn -0.4265 0.3500 -0.8340
vn 0.4928 0.6452 -0.5838
vn 0.9294 0.2812 0.2390
vn 0.4432 -0.3801 0.8118
vn -0.4777 -0.7388 0.4753
vn -0.9140 -0.2759 -0.2975
vn -0.4273 0.4489 -0.7848
vn 0.4924 0.7114 -0.5015
vn 0.9297 0.2500 0.2705
vn 0.4439 -0.4759 0.7592
vn -0.4773 -0.7911 0.3825
vn -0.9143 -0.2377 -0.3279
vn -0.4280 0.5410 -0.7239
vn 0.4920 0.7671 -0.4117
vn 0.9299 0.2153 0.2980
vn 0.4446 -0.5647 0.6953
vn -0.4769 -0.8318 0.2840
vn -0.9146 -0.1962 -0.3535
vn -0.4288 0.6250 -0.6524
vn 0.4915 0.8116 -0.3158
vn -0.9302 -0.1777 -0.3212
vn 0.4453 -0.6449 0.6212
vn -0.4766 -0.8603 0.1812
vn -0.9149 -0.1520 -0.3739
vn -0.4295 0.6995 -0.5712
vn 0.4911 0.8441 -0.2152
vn -0.9304 -0.1377 -0.3397
vn 0.4459 -0.7154 0.5379
vn -0.4762 -0.8761 0.0757
vn -0.9152 -0.1058 -0.3889
vn -0.4301 0.7636 -0.4816
vn 0.4906 0.8642 -0.1113
vn 0.9306 0.0957 0.3533
vn 0.4465 -0.7753 0.4467
vn -0.4758 -0.8790 -0.0310
vn 0.9154 0.0582 0.3983
vn -0.4308 0.8162 -0.3850
vn 0.4902 0.8716 -0.0057
vn 0.9307 0.0526 0.3619
vn 0.4471 -0.8236 0.3490
vn -0.4754 -0.8690 -0.1373
vn -0.9156 -0.0099 -0.4020
vn -0.4314 0.8567 -0.2827
vn 0.4897 0.8661 0.1001
vn 0.9309 0.0087 0.3652
vn 0.4477 -0.8597 0.2462
vn -0.4749 -0.8462 -0.2417
vn -0.9157 0.0385 -0.4000
vn -0.4320 0.8845 -0.1764
vn 0.4893 0.8478 0.2045
vn 0.9310 -0.0351 0.3633
vn 0.4482 -0.8829 0.1398
vn -0.4745 -0.8108 -0.3426
vn -0.9158 0.0862 -0.3922
vn -0.4325 0.8991 -0.0675
vn 0.4888 0.8170 0.3059
vn 0.9311 -0.0785 0.3562
vn 0.4488 -0.8931 0.0314
vn -0.4741 -0.7635 -0.4386
vn -0.9159 0.1327 -0.3788
vn -0.4331 0.9004 0.0422
vn 0.4884 0.7741 0.4029
vn 0.9312 -0.1206 0.3441
vn 0.4493 -0.8900 -0.0773
vn -0.4736 -0.7048 -0.5282
vn -0.9160 0.1772 -0.3599
vn -0.4336 0.8883 0.1513
vn 0.4879 0.7197 0.4940
vn 0.9312 -0.1610 0.3270
vn 0.4498 -0.8738 -0.1848
vn -0.4731 -0.6357 -0.6100
vn -0.9160 0.2191 -0.3360
vn -0.4341 0.8631 0.2580
vn 0.4874 0.6545 0.5779
vn 0.9312 -0.1990 0.3052
vn 0.4503 -0.8446 -0.2895
vn -0.4726 -0.5571 -0.6829
vn -0.9160 0.2579 -0.3072
vn -0.4346 0.8252 0.3608
vn 0.4869 0.5797 0.6533
vn 0.9313 -0.2342 0.2791
vn 0.4508 -0.8030 -0.3898
vn -0.4721 -0.4701 -0.7457
vn -0.9160 0.2930 -0.2740
vn -0.4351 0.7751 0.4582
vn 0.4864 0.4962 0.7191
vn 0.9312 -0.2661 0.2490
vn 0.4513 -0.7496 -0.4843
vn -0.4716 -0.3762 -0.7976
vn -0.9159 0.3239 -0.2369
vn -0.4355 0.7136 0.5487
vn 0.4859 0.4053 0.7744
vn 0.9312 -0.2941 0.2153
vn 0.4517 -0.6851 -0.5715
vn -0.4711 -0.2765 -0.8376
vn -0.9159 0.3502 -0.1963
vn -0.4359 0.6416 0.6311
vn 0.4854 0.3082 0.8181
vn 0.9311 -0.3180 0.1785
vn 0.4522 -0.6105 -0.6503
vn -0.4705 -0.1726 -0.8653
vn -0.9157 0.3716 -0.1529
vn -0.4363 0.5603 0.7041
vn 0.4849 0.2066 0.8498
vn 0.9310 -0.3374 0.1391
vn 0.4526 -0.5269 -0.7194
vn -0.4700 -0.0661 -0.8802
vn -0.9156 0.3876 -0.1072
vn -0.4368 0.4706 0.7666
vn 0.4844 0.1017 0.8689
vn 0.9309 -0.3519 0.0977
vn 0.4531 -0.4357 -0.7778
vn -0.4694 0.0416 -0.8820
vn -0.9154 0.3980 -0.0599
vn -0.4371 0.3742 0.8179
vn 0.4838 -0.0047 0.8751
vn 0.9308 -0.3614 0.0548
vn 0.4535 -0.3380 -0.8247
vn -0.4688 0.1487 -0.8707
vn -0.9152 0.4028 -0.0116
vn -0.4375 0.2722 0.8570
vn 0.4833 -0.1112 0.8684
vn 0.9306 -0.3658 0.0110
vn 0.4539 -0.2354 -0.8594
vn -0.4681 0.2538 -0.8464
vn -0.9150 0.4019 0.0369
vn -0.4378 0.1664 0.8835
vn 0.4827 -0.2162 0.8487
vn 0.9305 -0.3649 -0.0330
vn 0.4543 -0.1295 -0.8814
vn -0.4675 0.3552 -0.8095
vn -0.9147 0.3951 0.0851
vn -0.4382 0.0581 0.8970
vn 0.4822 -0.3181 0.8163
vn 0.9302 -0.3588 -0.0767
vn 0.4547 -0.0217 -0.8904
vn -0.4668 0.4514 -0.7605
vn -0.9144 0.3827 0.1322
vn -0.4385 -0.0509 0.8973
vn 0.4816 -0.4153 0.7718
vn 0.9300 -0.3476 -0.1194
vn 0.4552 0.0864 -0.8862
vn -0.4661 0.5410 -0.7000
vn -0.9140 0.3647 0.1776
vn -0.4388 -0.1592 0.8844
vn 0.4810 -0.5064 0.7157
vn 0.9298 -0.3313 -0.1605
vn 0.4556 0.1931 -0.8690
vn -0.4654 0.6227 -0.6290
vn -0.9137 0.3414 0.2206
vn -0.4391 -0.2650 0.8585
vn 0.4803 -0.5901 0.6489
vn 0.9295 -0.3102 -0.1995
vn 0.4559 0.2970 -0.8390
vn -0.4647 0.6951 -0.5485
vn -0.9133 0.3131 0.2606
vn -0.4394 -0.3669 0.8200
vn 0.4797 -0.6651 0.5723
vn 0.9292 -0.2847 -0.2358
vn 0.4563 0.3963 -0.7967
vn -0.4639 0.7573 -0.4597
vn -0.9128 0.2802 0.2971
vn -0.4396 -0.4633 0.7694
vn 0.4790 -0.7303 0.4871
vn 0.9288 -0.2549 -0.2689
vn 0.4567 0.4898 -0.7426
vn -0.4631 0.8082 -0.3639
vn -0.9123 0.2431 0.3295
vn -0.4399 -0.5529 0.7076
vn 0.4784 -0.7846 0.3945
vn 0.9285 -0.2213 -0.2983
vn 0.4571 0.5761 -0.6777
vn -0.4623 0.8470 -0.2624
vn -0.9118 0.2023 0.3573
vn -0.4401 -0.6344 0.6355
vn 0.4777 -0.8273 0.2958
vn -0.9281 0.1844 0.3235
vn 0.4575 0.6537 -0.6028
vn -0.4614 0.8732 -0.1569
vn -0.9112 0.1583 0.3802
vn -0.4404 -0.7065 0.5541
vn 0.4769 -0.8576 0.1926
vn -0.9277 0.1446 0.3443
vn 0.4579 0.7218 -0.5190
vn -0.4605 0.8863 -0.0488
vn 0.9106 -0.1118 -0.3978
vn -0.4406 -0.7682 0.4645
vn 0.4762 -0.8751 0.0864
vn 0.9272 -0.1025 -0.3602
vn 0.4582 0.7792 -0.4277
vn -0.4596 0.8861 0.0602
vn 0.9100 -0.0634 -0.4097
vn -0.4408 -0.8186 0.3682
vn 0.4754 -0.8795 -0.0213
vn 0.9267 -0.0588 -0.3711
vn 0.4586 0.8250 -0.3301
vn -0.4586 0.8725 0.1685
vn -0.9093 0.0138 0.4159
vn -0.4410 -0.8570 0.2666
vn 0.4746 -0.8707 -0.1288
vn 0.9262 -0.0138 -0.3767
vn 0.4590 0.8588 -0.2277
vn -0.4576 0.8458 0.2744
vn -0.9086 -0.0365 0.4161
vn -0.4412 -0.8828 0.1611
vn 0.4738 -0.8488 -0.2346
vn 0.9257 0.0316 -0.3770
vn 0.4594 0.8798 -0.1220
vn -0.4565 0.8062 0.3764
vn -0.9078 -0.0866 0.4103
vn -0.4414 -0.8957 0.0532
vn 0.4729 -0.8141 -0.3370
vn 0.9251 0.0769 -0.3718
vn 0.4598 0.8879 -0.0146
vn -0.4554 0.7543 0.4729
vn -0.9070 -0.1359 0.3986
vn -0.4416 -0.8955 -0.0554
vn 0.4720 -0.7671 -0.4345
vn 0.9245 0.1214 -0.3613
vn 0.4602 0.8829 0.0930
vn -0.4543 0.6909 0.5624
vn -0.9061 -0.1836 0.3810
vn -0.4417 -0.8822 -0.1631
vn 0.4711 -0.7084 -0.5256
vn 0.9239 0.1646 -0.3456
vn 0.4606 0.8650 0.1992
vn -0.4530 0.6169 0.6436
vn -0.9052 -0.2292 0.3579
vn -0.4419 -0.8560 -0.2684
vn 0.4701 -0.6389 -0.6089
vn 0.9232 0.2057 -0.3247
vn 0.4610 0.8343 0.3024
vn -0.4518 0.5333 0.7152
vn -0.9042 -0.2719 0.3293
vn -0.4421 -0.8172 -0.3698
vn 0.4691 -0.5596 -0.6832
vn 0.9224 0.2443 -0.2990
vn 0.4614 0.7913 0.4011
vn -0.4380 0.4203 0.7947
vn -0.8880 -0.3343 0.3157
vn -0.4259 -0.7891 -0.4426
vn 0.4806 -0.4940 -0.7245
vn 0.9332 0.2580 -0.2501
vn 0.4741 0.7166 0.5115
vn -0.4172 0.2842 0.8632
vn -0.8626 -0.4083 0.2987
vn -0.4012 -0.7648 -0.5041
vn 0.4971 -0.4370 -0.7496
vn 0.9481 0.2516 -0.1945
vn 0.4922 0.6152 0.6159
vn -0.4161 0.1766 0.8920
vn -0.8624 -0.4415 0.2475
vn -0.4027 -0.6960 -0.5945
vn 0.4953 -0.3395 -0.7996
vn 0.9470 0.2760 -0.1647
vn 0.4925 0.5365 0.6853
vn -0.4149 0.0662 0.9075
vn -0.8622 -0.4685 0.1927
vn -0.4041 -0.6166 -0.6757
vn 0.4934 -0.2363 -0.8371
vn 0.9458 0.2969 -0.1319
vn 0.4928 0.4501 0.7446
vn -0.4136 -0.0454 0.9093
vn -0.8619 -0.4887 0.1351
vn -0.4057 -0.5278 -0.7463
vn 0.4914 -0.1289 -0.8614
vn 0.9445 0.3140 -0.0964
vn 0.4932 0.3572 0.7932
vn -0.4122 -0.1567 0.8975
vn -0.8616 -0.5020 0.0753
vn -0.4071 -0.4310 -0.8053
vn 0.4893 -0.0190 -0.8719
vn 0.9432 0.3270 -0.0588
vn 0.4936 0.2592 0.8302
vn -0.4108 -0.2658 0.8721
vn -0.8611 -0.5082 0.0144
vn -0.4086 -0.3277 -0.8518
vn 0.4871 0.0916 -0.8685
vn 0.9418 0.3356 -0.0195
vn 0.4940 0.1575 0.8551
vn -0.4092 -0.3712 0.8335
vn -0.8606 -0.5071 -0.0470
vn -0.4102 -0.2196 -0.8852
vn 0.4848 0.2013 -0.8512
vn 0.9403 0.3396 0.0211
vn 0.4944 0.0536 0.8676
vn -0.4062 -0.4712 0.7829
vn -0.8603 -0.4993 -0.1029
vn -0.4151 -0.1087 -0.9033
vn 0.4443 0.2979 -0.8449
vn 0.9372 0.3482 0.0224
vn 0.5295 -0.0288 0.8478
s 0
usemtl CukeVine
f 374//341 381//341 380//341
f 375//342 382//342 381//342
f 376//343 383//343 382//343
f 378//344 383//344 377//344
f 379//345 384//345 378//345
f 374//346 385//346 379//346
f 381//347 386//347 380//347
f 382//348 387//348 381//348
f 383//349 388//349 382//349
f 384//350 389//350 383//350
f 385//351 390//351 384//351
f 380//352 391//352 385//352
f 387//353 392//353 386//353
f 388//354 393//354 387//354
f 389//355 394//355 388//355
f 390//356 395//356 389//356
f 391//357 396//357 390//357
f 386//358 397//358 391//358
f 393//359 398//359 392//359
f 394//360 399//360 393//360
f 395//361 400//361 394//361
f 396//362 401//362 395//362
f 397//363 402//363 396//363
f 392//364 403//364 397//364
f 399//365 404//365 398//365
f 400//366 405//366 399//366
f 401//367 406//367 400//367
f 402//368 407//368 401//368
f 403//369 408//369 402//369
f 398//370 409//370 403//370
f 405//371 410//371 404//371
f 406//372 411//372 405//372
f 407//373 412//373 406//373
f 408//374 413//374 407//374
f 414//375 409//375 408//375
f 404//376 415//376 409//376
f 411//377 416//377 410//377
f 412//378 417//378 411//378
f 413//379 418//379 412//379
f 414//380 419//380 413//380
f 415//381 420//381 414//381
f 410//382 421//382 415//382
f 417//383 422//383 416//383
f 423//384 418//384 417//384
f 419//385 424//385 418//385
f 420//386 425//386 419//386
f 421//387 426//387 420//387
f 416//388 427//388 421//388
f 423//389 428//389 422//389
f 424//390 429//390 423//390
f 425//391 430//391 424//391
f 426//392 431//392 425//392
f 427//393 432//393 426//393
f 422//394 433//394 427//394
f 429//395 434//395 428//395
f 430//396 435//396 429//396
f 431//397 436//397 430//397
f 432//398 437//398 431//398
f 433//399 438//399 432//399
f 428//400 439//400 433//400
f 435//401 440//401 434//401
f 436//402 441//402 435//402
f 437//403 442//403 436//403
f 438//404 443//404 437//404
f 439//405 444//405 438//405
f 434//406 445//406 439//406
f 441//407 446//407 440//407
f 442//408 447//408 441//408
f 443//409 448//409 442//409
f 444//410 449//410 443//410
f 445//411 450//411 444//411
f 440//412 451//412 445//412
f 447//413 452//413 446//413
f 448//414 453//414 447//414
f 449//415 454//415 448//415
f 450//416 455//416 449//416
f 451//417 456//417 450//417
f 446//418 457//418 451//418
f 453//419 458//419 452//419
f 454//420 459//420 453//420
f 455//421 460//421 454//421
f 456//422 461//422 455//422
f 457//423 462//423 456//423
f 452//424 463//424 457//424
f 459//425 464//425 458//425
f 460//426 465//426 459//426
f 461//427 466//427 460//427
f 462//428 467//428 461//428
f 463//429 468//429 462//429
f 458//430 469//430 463//430
f 465//431 470//431 464//431
f 466//432 471//432 465//432
f 467//433 472//433 466//433
f 468//434 473//434 467//434
f 469//435 474//435 468//435
f 464//436 475//436 469//436
f 471//437 476//437 470//437
f 472//438 477//438 471//438
f 473//439 478//439 472//439
f 474//440 479//440 473//440
f 475//441 480//441 474//441
f 470//442 481//442 475//442
f 477//443 482//443 476//443
f 478//444 483//444 477//444
f 479//445 484//445 478//445
f 480//446 485//446 479//446
f 481//447 486//447 480//447
f 476//448 487//448 481//448
f 483//449 488//449 482//449
f 484//450 489//450 483//450
f 485//451 490//451 484//451
f 486//452 491//452 485//452
f 487//453 492//453 486//453
f 482//454 493//454 487//454
f 489//455 494//455 488//455
f 490//456 495//456 489//456
f 491//457 496//457 490//457
f 492//458 497//458 491//458
f 493//459 498//459 492//459
f 488//460 499//460 493//460
f 495//461 500//461 494//461
f 496//462 501//462 495//462
f 497//463 502//463 496//463
f 498//464 503//464 497//464
f 499//465 504//465 498//465
f 494//466 505//466 499//466
f 501//467 506//467 500//467
f 502//468 507//468 501//468
f 503//469 508//469 502//469
f 504//470 509//470 503//470
f 505//471 510//471 504//471
f 500//472 511//472 505//472
f 507//473 512//473 506//473
f 513//474 508//474 507//474
f 509//475 514//475 508//475
f 510//476 515//476 509//476
f 511//477 516//477 510//477
f 506//478 517//478 511//478
f 513//479 518//479 512//479
f 514//480 519//480 513//480
f 515//481 520//481 514//481
f 516//482 521//482 515//482
f 517//483 522//483 516//483
f 512//484 523//484 517//484
f 519//485 524//485 518//485
f 520//486 525//486 519//486
f 521//487 526//487 520//487
f 522//488 527//488 521//488
f 523//489 528//489 522//489
f 518//490 529//490 523//490
f 525//491 530//491 524//491
f 526//492 531//492 525//492
f 527//493 532//493 526//493
f 528//494 533//494 527//494
f 529//495 534//495 528//495
f 524//496 535//496 529//496
f 531//497 536//497 530//497
f 532//498 537//498 531//498
f 533//499 538//499 532//499
f 534//500 539//500 533//500
f 535//501 540//501 534//501
f 530//502 541//502 535//502
f 537//503 542//503 536//503
f 538//504 543//504 537//504
f 539//505 544//505 538//505
f 540//506 545//506 539//506
f 541//507 546//507 540//507
f 536//508 547//508 541//508
f 543//509 548//509 542//509
f 544//510 549//510 543//510
f 545//511 550//511 544//511
f 546//512 551//512 545//512
f 547//513 552//513 546//513
f 542//514 553//514 547//514
f 549//515 554//515 548//515
f 550//516 555//516 549//516
f 551//517 556//517 550//517
f 552//518 557//518 551//518
f 553//519 558//519 552//519
f 548//520 559//520 553//520
f 555//521 560//521 554//521
f 556//522 561//522 555//522
f 557//523 562//523 556//523
f 558//524 563//524 557//524
f 559//525 564//525 558//525
f 554//526 565//526 559//526
f 561//527 566//527 560//527
f 562//528 567//528 561//528
f 563//529 568//529 562//529
f 564//530 569//530 563//530
f 565//531 570//531 564//531
f 560//532 571//532 565//532
f 567//533 572//533 566//533
f 568//534 573//534 567//534
f 569//535 574//535 568//535
f 570//536 575//536 569//536
f 571//537 576//537 570//537
f 566//538 577//538 571//538
f 573//539 578//539 572//539
f 574//540 579//540 573//540
f 575//541 580//541 574//541
f 576//542 581//542 575//542
f 577//543 582//543 576//543
f 572//544 583//544 577//544
f 579//545 584//545 578//545
f 580//546 585//546 579//546
f 581//547 586//547 580//547
f 582//548 587//548 581//548
f 583//549 588//549 582//549
f 578//550 589//550 583//550
f 585//551 590//551 584//551
f 586//552 591//552 585//552
f 587//553 592//553 586//553
f 588//554 593//554 587//554
f 594//555 589//555 588//555
f 584//556 595//556 589//556
f 591//557 596//557 590//557
f 592//558 597//558 591//558
f 593//559 598//559 592//559
f 594//560 599//560 593//560
f 595//561 600//561 594//561
f 590//562 601//562 595//562
f 597//563 602//563 596//563
f 598//564 603//564 597//564
f 599//565 604//565 598//565
f 600//566 605//566 599//566
f 601//567 606//567 600//567
f 596//568 607//568 601//568
f 603//569 608//569 602//569
f 604//570 609//570 603//570
f 605//571 610//571 604//571
f 606//572 611//572 605//572
f 607//573 612//573 606//573
f 602//574 613//574 607//574
f 609//575 614//575 608//575
f 610//576 615//576 609//576
f 611//577 616//577 610//577
f 612//578 617//578 611//578
f 613//579 618//579 612//579
f 608//580 619//580 613//580
f 615//581 620//581 614//581
f 616//582 621//582 615//582
f 617//583 622//583 616//583
f 618//584 623//584 617//584
f 619//585 624//585 618//585
f 614//586 625//586 619//586
f 621//587 626//587 620//587
f 622//588 627//588 621//588
f 623//589 628//589 622//589
f 624//590 629//590 623//590
f 625//591 630//591 624//591
f 620//592 631//592 625//592
f 627//593 632//593 626//593
f 628//594 633//594 627//594
f 629//595 634//595 628//595
f 630//596 635//596 629//596
f 631//597 636//597 630//597
f 626//598 637//598 631//598
f 633//599 638//599 632//599
f 634//600 639//600 633//600
f 635//601 640//601 634//601
f 636//602 641//602 635//602
f 637//603 642//603 636//603
f 632//604 643//604 637//604
f 639//605 644//605 638//605
f 640//606 645//606 639//606
f 641//607 646//607 640//607
f 642//608 647//608 641//608
f 643//609 648//609 642//609
f 638//610 649//610 643//610
f 645//611 650//611 644//611
f 646//612 651//612 645//612
f 647//613 652//613 646//613
f 648//614 653//614 647//614
f 649//615 654//615 648//615
f 644//616 655//616 649//616
f 651//617 656//617 650//617
f 652//618 657//618 651//618
f 653//619 658//619 652//619
f 654//620 659//620 653//620
f 655//621 660//621 654//621
f 650//622 661//622 655//622
f 657//623 662//623 656//623
f 658//624 663//624 657//624
f 659//625 664//625 658//625
f 660//626 665//626 659//626
f 661//627 666//627 660//627
f 656//628 667//628 661//628
f 663//629 668//629 662//629
f 664//630 669//630 663//630
f 665//631 670//631 664//631
f 666//632 671//632 665//632
f 667//633 672//633 666//633
f 662//634 673//634 667//634
f 669//635 674//635 668//635
f 670//636 675//636 669//636
f 671//637 676//637 670//637
f 672//638 677//638 671//638
f 673//639 678//639 672//639
f 668//640 679//640 673//640
f 675//641 680//641 674//641
f 676//642 681//642 675//642
f 677//643 682//643 676//643
f 678//644 683//644 677//644
f 684//645 679//645 678//645
f 674//646 685//646 679//646
f 681//647 686//647 680//647
f 682//648 687//648 681//648
f 683//649 688//649 682//649
f 684//650 689//650 683//650
f 685//651 690//651 684//651
f 680//652 691//652 685//652
f 687//653 692//653 686//653
f 693//654 688//654 687//654
f 689//655 694//655 688//655
f 690//656 695//656 689//656
f 691//657 696//657 690//657
f 686//658 697//658 691//658
f 693//659 698//659 692//659
f 694//660 699//660 693//660
f 695//661 700//661 694//661
f 696//662 701//662 695//662
f 697//663 702//663 696//663
f 692//664 703//664 697//664
f 699//665 704//665 698//665
f 700//666 705//666 699//666
f 701//667 706//667 700//667
f 702//668 707//668 701//668
f 703//669 708//669 702//669
f 698//670 709//670 703//670
f 705//671 710//671 704//671
f 706//672 711//672 705//672
f 707//673 712//673 706//673
f 708//674 713//674 707//674
f 709//675 714//675 708//675
f 704//676 715//676 709//676
f 711//677 716//677 710//677
f 712//678 717//678 711//678
f 713//679 718//679 712//679
f 714//680 719//680 713//680
f 715//681 720//681 714//681
f 710//682 721//682 715//682
f 717//683 722//683 716//683
f 718//684 723//684 717//684
f 719//685 724//685 718//685
f 720//686 725//686 719//686
f 721//687 726//687 720//687
f 716//688 727//688 721//688
f 723//689 728//689 722//689
f 724//690 729//690 723//690
f 725//691 730//691 724//691
f 726//692 731//692 725//692
f 727//693 732//693 726//693
f 722//694 733//694 727//694
f 729//695 734//695 728//695
f 730//696 735//696 729//696
f 731//697 736//697 730//697
f 731//698 738//698 737//698
f 732//699 739//699 738//699
f 733//700 734//700 739//700
f 740//701 747//701 746//701
f 741//702 748//702 747//702
f 742//703 749//703 748//703
f 744//704 749//704 743//704
f 745//705 750//705 744//705
f 740//706 751//706 745//706
f 746//707 753//707 752//707
f 747//708 754//708 753//708
f 748//709 755//709 754//709
f 749//710 756//710 755//710
f 750//711 757//711 756//711
f 751//712 752//712 757//712
f 752//713 759//713 758//713
f 753//714 760//714 759//714
f 754//715 761//715 760//715
f 755//716 762//716 761//716
f 756//717 763//717 762//717
f 757//718 758//718 763//718
f 758//719 765//719 764//719
f 759//720 766//720 765//720
f 760//721 767//721 766//721
f 761//722 768//722 767//722
f 762//723 769//723 768//723
f 763//724 764//724 769//724
f 764//725 771//725 770//725
f 765//726 772//726 766//726
f 766//727 773//727 772//727
f 767//728 774//728 773//728
f 768//729 775//729 774//729
f 769//730 770//730 775//730
f 770//731 777//731 776//731
f 771//732 778//732 772//732
f 772//733 779//733 778//733
f 773//734 780//734 779//734
f 774//735 781//735 780//735
f 775//736 776//736 781//736
f 776//737 783//737 782//737
f 777//738 784//738 783//738
f 778//739 785//739 784//739
f 779//740 786//740 785//740
f 780//741 787//741 781//741
f 781//742 782//742 787//742
f 782//743 789//743 788//743
f 783//744 790//744 789//744
f 784//745 791//745 790//745
f 785//746 792//746 791//746
f 786//747 793//747 792//747
f 787//748 788//748 793//748
f 788//749 795//749 794//749
f 789//750 796//750 795//750
f 790//751 797//751 796//751
f 791//752 798//752 797//752
f 792//753 799//753 798//753
f 793//754 794//754 799//754
f 794//755 801//755 800//755
f 795//756 802//756 801//756
f 796//757 803//757 802//757
f 797//758 804//758 803//758
f 798//759 805//759 804//759
f 799//760 800//760 805//760
f 800//761 807//761 806//761
f 801//762 808//762 807//762
f 802//763 809//763 808//763
f 803//764 810//764 809//764
f 804//765 811//765 810//765
f 805//766 806//766 811//766
f 806//767 813//767 812//767
f 807//768 814//768 813//768
f 808//769 815//769 814//769
f 809//770 816//770 815//770
f 810//771 817//771 816//771
f 811//772 812//772 817//772
f 812//773 819//773 818//773
f 813//774 820//774 819//774
f 814//775 821//775 820//775
f 815//776 822//776 821//776
f 816//777 823//777 822//777
f 817//778 818//778 823//778
f 818//779 825//779 824//779
f 819//780 826//780 825//780
f 820//781 827//781 826//781
f 821//782 828//782 827//782
f 822//783 829//783 828//783
f 823//784 824//784 829//784
f 824//785 831//785 830//785
f 825//786 832//786 831//786
f 826//787 833//787 832//787
f 827//788 834//788 833//788
f 828//789 835//789 834//789
f 829//790 830//790 835//790
f 830//791 837//791 836//791
f 831//792 838//792 837//792
f 832//793 839//793 838//793
f 833//794 840//794 839//794
f 834//795 841//795 840//795
f 835//796 836//796 841//796
f 836//797 843//797 842//797
f 837//798 844//798 843//798
f 838//799 845//799 844//799
f 839//800 846//800 845//800
f 840//801 847//801 846//801
f 841//802 842//802 847//802
f 842//803 849//803 848//803
f 843//804 850//804 849//804
f 844//805 851//805 850//805
f 845//806 852//806 851//806
f 846//807 853//807 852//807
f 847//808 848//808 853//808
f 848//809 855//809 854//809
f 849//810 856//810 855//810
f 850//811 857//811 856//811
f 851//812 858//812 857//812
f 852//813 859//813 858//813
f 853//814 854//814 859//814
f 854//815 861//815 860//815
f 855//816 862//816 856//816
f 856//817 863//817 862//817
f 857//818 864//818 863//818
f 858//819 865//819 864//819
f 859//820 860//820 865//820
f 860//821 867//821 866//821
f 861//822 868//822 867//822
f 862//823 869//823 868//823
f 863//824 870//824 869//824
f 864//825 871//825 870//825
f 865//826 866//826 871//826
f 866//827 873//827 872//827
f 867//828 874//828 873//828
f 868//829 875//829 874//829
f 869//830 876//830 875//830
f 870//831 877//831 876//831
f 871//832 872//832 877//832
f 872//833 879//833 878//833
f 873//834 880//834 879//834
f 874//835 881//835 880//835
f 875//836 882//836 881//836
f 876//837 883//837 877//837
f 877//838 878//838 883//838
f 878//839 885//839 884//839
f 879//840 886//840 880//840
f 880//841 887//841 886//841
f 881//842 888//842 887//842
f 882//843 889//843 888//843
f 883//844 884//844 889//844
f 884//845 891//845 890//845
f 885//846 892//846 886//846
f 886//847 893//847 892//847
f 887//848 894//848 893//848
f 888//849 895//849 894//849
f 889//850 890//850 895//850
f 890//851 897//851 896//851
f 891//852 898//852 897//852
f 892//853 899//853 898//853
f 893//854 900//854 899//854
f 894//855 901//855 900//855
f 895//856 896//856 901//856
f 896//857 903//857 902//857
f 897//858 904//858 903//858
f 898//859 905//859 904//859
f 899//860 906//860 905//860
f 900//861 907//861 901//861
f 901//862 902//862 907//862
f 902//863 909//863 908//863
f 903//864 910//864 909//864
f 904//865 911//865 910//865
f 905//866 912//866 911//866
f 906//867 913//867 912//867
f 907//868 908//868 913//868
f 908//869 915//869 914//869
f 909//870 916//870 915//870
f 910//871 917//871 916//871
f 911//872 918//872 917//872
f 912//873 919//873 918//873
f 913//874 914//874 919//874
f 914//875 921//875 920//875
f 915//876 922//876 921//876
f 916//877 923//877 922//877
f 917//878 924//878 923//878
f 918//879 925//879 924//879
f 919//880 920//880 925//880
f 920//881 927//881 926//881
f 921//882 928//882 927//882
f 922//883 929//883 928//883
f 923//884 930//884 929//884
f 924//885 931//885 930//885
f 925//886 926//886 931//886
f 926//887 933//887 932//887
f 927//888 934//888 933//888
f 928//889 935//889 934//889
f 929//890 936//890 935//890
f 930//891 937//891 936//891
f 931//892 932//892 937//892
f 932//893 939//893 938//893
f 933//894 940//894 939//894
f 934//895 941//895 940//895
f 935//896 942//896 941//896
f 936//897 943//897 942//897
f 937//898 938//898 943//898
f 938//899 945//899 944//899
f 939//900 946//900 945//900
f 940//901 947//901 946//901
f 941//902 948//902 947//902
f 942//903 949//903 948//903
f 943//904 944//904 949//904
f 944//905 951//905 950//905
f 945//906 952//906 951//906
f 946//907 953//907 952//907
f 947//908 954//908 953//908
f 948//909 955//909 954//909
f 949//910 950//910 955//910
f 950//911 957//911 956//911
f 951//912 958//912 952//912
f 952//913 959//913 958//913
f 953//914 960//914 959//914
f 954//915 961//915 960//915
f 955//916 956//916 961//916
f 956//917 963//917 962//917
f 957//918 964//918 963//918
f 958//919 965//919 964//919
f 959//920 966//920 965//920
f 960//921 967//921 966//921
f 961//922 962//922 967//922
f 962//923 969//923 968//923
f 963//924 970//924 969//924
f 964//925 971//925 970//925
f 965//926 972//926 971//926
f 966//927 973//927 972//927
f 967//928 968//928 973//928
f 968//929 975//929 974//929
f 969//930 976//930 975//930
f 970//931 977//931 976//931
f 971//932 978//932 977//932
f 972//933 979//933 973//933
f 973//934 974//934 979//934
f 974//935 981//935 980//935
f 975//936 982//936 981//936
f 976//937 983//937 982//937
f 977//938 984//938 983//938
f 978//939 985//939 984//939
f 979//940 980//940 985//940
f 980//941 987//941 986//941
f 981//942 988//942 982//942
f 982//943 989//943 988//943
f 983//944 990//944 989//944
f 984//945 991//945 990//945
f 985//946 986//946 991//946
f 986//947 993//947 992//947
f 987//948 994//948 993//948
f 988//949 995//949 994//949
f 989//950 996//950 995//950
f 990//951 997//951 996//951
f 991//952 992//952 997//952
f 992//953 999//953 998//953
f 993//954 1000//954 999//954
f 994//955 1001//955 1000//955
f 995//956 1002//956 1001//956
f 996//957 1003//957 1002//957
f 997//958 998//958 1003//958
f 998//959 1005//959 1004//959
f 999//960 1006//960 1005//960
f 1000//961 1007//961 1006//961
f 1001//962 1008//962 1007//962
f 1002//963 1009//963 1003//963
f 1003//964 1004//964 1009//964
f 1004//965 1011//965 1010//965
f 1005//966 1012//966 1011//966
f 1006//967 1013//967 1012//967
f 1007//968 1014//968 1013//968
f 1008//969 1015//969 1014//969
f 1009//970 1010//970 1015//970
f 1010//971 1017//971 1016//971
f 1011//972 1018//972 1017//972
f 1012//973 1019//973 1018//973
f 1013//974 1020//974 1019//974
f 1014//975 1021//975 1020//975
f 1015//976 1016//976 1021//976
f 1016//977 1023//977 1022//977
f 1017//978 1024//978 1023//978
f 1018//979 1025//979 1024//979
f 1019//980 1026//980 1025//980
f 1020//981 1027//981 1026//981
f 1021//982 1022//982 1027//982
f 1022//983 1029//983 1028//983
f 1023//984 1030//984 1029//984
f 1024//985 1031//985 1030//985
f 1025//986 1032//986 1031//986
f 1026//987 1033//987 1032//987
f 1027//988 1028//988 1033//988
f 1028//989 1035//989 1034//989
f 1029//990 1036//990 1035//990
f 1030//991 1037//991 1036//991
f 1031//992 1038//992 1037//992
f 1032//993 1039//993 1038//993
f 1033//994 1034//994 1039//994
f 1034//995 1041//995 1040//995
f 1035//996 1042//996 1041//996
f 1036//997 1043//997 1042//997
f 1037//998 1044//998 1043//998
f 1038//999 1045//999 1044//999
f 1039//1000 1040//1000 1045//1000
f 1040//1001 1047//1001 1046//1001
f 1041//1002 1048//1002 1047//1002
f 1042//1003 1049//1003 1048//1003
f 1043//1004 1050//1004 1049//1004
f 1044//1005 1051//1005 1050//1005
f 1045//1006 1046//1006 1051//1006
f 1046//1007 1053//1007 1052//1007
f 1047//1008 1054//1008 1048//1008
f 1048//1009 1055//1009 1054//1009
f 1049//1010 1056//1010 1055//1010
f 1050//1011 1057//1011 1056//1011
f 1051//1012 1052//1012 1057//1012
f 1052//1013 1059//1013 1058//1013
f 1053//1014 1060//1014 1059//1014
f 1054//1015 1061//1015 1060//1015
f 1055//1016 1062//1016 1061//1016
f 1056//1017 1063//1017 1057//1017
f 1057//1018 1058//1018 1063//1018
f 1058//1019 1065//1019 1064//1019
f 1059//1020 1066//1020 1065//1020
f 1060//1021 1067//1021 1066//1021
f 1061//1022 1068//1022 1067//1022
f 1062//1023 1069//1023 1063//1023
f 1063//1024 1064//1024 1069//1024
f 1064//1025 1071//1025 1070//1025
f 1065//1026 1072//1026 1071//1026
f 1066//1027 1073//1027 1072//1027
f 1067//1028 1074//1028 1073//1028
f 1068//1029 1075//1029 1074//1029
f 1069//1030 1070//1030 1075//1030
f 1070//1031 1077//1031 1076//1031
f 1071//1032 1078//1032 1077//1032
f 1072//1033 1079//1033 1078//1033
f 1073//1034 1080//1034 1079//1034
f 1074//1035 1081//1035 1080//1035
f 1075//1036 1076//1036 1081//1036
f 1076//1037 1083//1037 1082//1037
f 1077//1038 1084//1038 1083//1038
f 1078//1039 1085//1039 1084//1039
f 1079//1040 1086//1040 1085//1040
f 1080//1041 1087//1041 1086//1041
f 1081//1042 1082//1042 1087//1042
f 1082//1043 1089//1043 1088//1043
f 1083//1044 1090//1044 1089//1044
f 1084//1045 1091//1045 1090//1045
f 1085//1046 1092//1046 1091//1046
f 1086//1047 1093//1047 1092//1047
f 1087//1048 1088//1048 1093//1048
f 1088//1049 1095//1049 1094//1049
f 1089//1050 1096//1050 1095//1050
f 1090//1051 1097//1051 1096//1051
f 1091//1052 1098//1052 1097//1052
f 1092//1053 1099//1053 1098//1053
f 1093//1054 1094//1054 1099//1054
f 1095//1055 1100//1055 1094//1055
f 1096//1056 1101//1056 1095//1056
f 1097//1057 1102//1057 1096//1057
f 1097//1058 1104//1058 1103//1058
f 1098//1059 1105//1059 1104//1059
f 1099//1060 1100//1060 1105//1060
f 1106//1061 1113//1061 1112//1061
f 1107//1062 1114//1062 1113//1062
f 1108//1063 1115//1063 1114//1063
f 1110//1064 1115//1064 1109//1064
f 1111//1065 1116//1065 1110//1065
f 1106//1066 1117//1066 1111//1066
f 1113//1067 1118//1067 1112//1067
f 1114//1068 1119//1068 1113//1068
f 1115//1069 1120//1069 1114//1069
f 1116//1070 1121//1070 1115//1070
f 1117//1071 1122//1071 1116//1071
f 1112//1072 1123//1072 1117//1072
f 1119//1073 1124//1073 1118//1073
f 1120//1074 1125//1074 1119//1074
f 1121//1075 1126//1075 1120//1075
f 1122//1076 1127//1076 1121//1076
f 1123//1077 1128//1077 1122//1077
f 1118//1078 1129//1078 1123//1078
f 1125//1079 1130//1079 1124//1079
f 1126//1080 1131//1080 1125//1080
f 1127//1081 1132//1081 1126//1081
f 1128//1082 1133//1082 1127//1082
f 1129//1083 1134//1083 1128//1083
f 1124//1084 1135//1084 1129//1084
f 1131//1085 1136//1085 1130//1085
f 1132//1086 1137//1086 1131//1086
f 1133//1087 1138//1087 1132//1087
f 1134//1088 1139//1088 1133//1088
f 1135//1089 1140//1089 1134//1089
f 1130//1090 1141//1090 1135//1090
f 1137//1091 1142//1091 1136//1091
f 1138//1092 1143//1092 1137//1092
f 1139//1093 1144//1093 1138//1093
f 1140//1094 1145//1094 1139//1094
f 1141//1095 1146//1095 1140//1095
f 1136//1096 1147//1096 1141//1096
f 1143//1097 1148//1097 1142//1097
f 1144//1098 1149//1098 1143//1098
f 1145//1099 1150//1099 1144//1099
f 1146//1100 1151//1100 1145//1100
f 1147//1101 1152//1101 1146//1101
f 1142//1102 1153//1102 1147//1102
f 1149//1103 1154//1103 1148//1103
f 1150//1104 1155//1104 1149//1104
f 1151//1105 1156//1105 1150//1105
f 1152//1106 1157//1106 1151//1106
f 1153//1107 1158//1107 1152//1107
f 1148//1108 1159//1108 1153//1108
f 1155//1109 1160//1109 1154//1109
f 1156//1110 1161//1110 1155//1110
f 1157//1111 1162//1111 1156//1111
f 1158//1112 1163//1112 1157//1112
f 1159//1113 1164//1113 1158//1113
f 1154//1114 1165//1114 1159//1114
f 1161//1115 1166//1115 1160//1115
f 1162//1116 1167//1116 1161//1116
f 1163//1117 1168//1117 1162//1117
f 1164//1118 1169//1118 1163//1118
f 1165//1119 1170//1119 1164//1119
f 1160//1120 1171//1120 1165//1120
f 1167//1121 1172//1121 1166//1121
f 1168//1122 1173//1122 1167//1122
f 1169//1123 1174//1123 1168//1123
f 1170//1124 1175//1124 1169//1124
f 1171//1125 1176//1125 1170//1125
f 1166//1126 1177//1126 1171//1126
f 1173//1127 1178//1127 1172//1127
f 1174//1128 1179//1128 1173//1128
f 1175//1129 1180//1129 1174//1129
f 1176//1130 1181//1130 1175//1130
f 1177//1131 1182//1131 1176//1131
f 1172//1132 1183//1132 1177//1132
f 1179//1133 1184//1133 1178//1133
f 1180//1134 1185//1134 1179//1134
f 1181//1135 1186//1135 1180//1135
f 1182//1136 1187//1136 1181//1136
f 1183//1137 1188//1137 1182//1137
f 1178//1138 1189//1138 1183//1138
f 1185//1139 1190//1139 1184//1139
f 1186//1140 1191//1140 1185//1140
f 1187//1141 1192//1141 1186//1141
f 1188//1142 1193//1142 1187//1142
f 1189//1143 1194//1143 1188//1143
f 1184//1144 1195//1144 1189//1144
f 1191//1145 1196//1145 1190//1145
f 1192//1146 1197//1146 1191//1146
f 1193//1147 1198//1147 1192//1147
f 1194//1148 1199//1148 1193//1148
f 1200//1149 1195//1149 1194//1149
f 1190//1150 1201//1150 1195//1150
f 1197//1151 1202//1151 1196//1151
f 1198//1152 1203//1152 1197//1152
f 1199//1153 1204//1153 1198//1153
f 1200//1154 1205//1154 1199//1154
f 1206//1155 1201//1155 1200//1155
f 1196//1156 1207//1156 1201//1156
f 1203//1157 1208//1157 1202//1157
f 1204//1158 1209//1158 1203//1158
f 1205//1159 1210//1159 1204//1159
f 1206//1160 1211//1160 1205//1160
f 1207//1161 1212//1161 1206//1161
f 1202//1162 1213//1162 1207//1162
f 1209//1163 1214//1163 1208//1163
f 1215//1164 1210//1164 1209//1164
f 1211//1165 1216//1165 1210//1165
f 1212//1166 1217//1166 1211//1166
f 1213//1167 1218//1167 1212//1167
f 1208//1168 1219//1168 1213//1168
f 1215//1169 1220//1169 1214//1169
f 1216//1170 1221//1170 1215//1170
f 1217//1171 1222//1171 1216//1171
f 1218//1172 1223//1172 1217//1172
f 1219//1173 1224//1173 1218//1173
f 1214//1174 1225//1174 1219//1174
f 1221//1175 1226//1175 1220//1175
f 1222//1176 1227//1176 1221//1176
f 1223//1177 1228//1177 1222//1177
f 1224//1178 1229//1178 1223//1178
f 1225//1179 1230//1179 1224//1179
f 1220//1180 1231//1180 1225//1180
f 1227//1181 1232//1181 1226//1181
f 1228//1182 1233//1182 1227//1182
f 1229//1183 1234//1183 1228//1183
f 1230//1184 1235//1184 1229//1184
f 1231//1185 1236//1185 1230//1185
f 1226//1186 1237//1186 1231//1186
f 1233//1187 1238//1187 1232//1187
f 1234//1188 1239//1188 1233//1188
f 1235//1189 1240//1189 1234//1189
f 1236//1190 1241//1190 1235//1190
f 1237//1191 1242//1191 1236//1191
f 1232//1192 1243//1192 1237//1192
f 1239//1193 1244//1193 1238//1193
f 1240//1194 1245//1194 1239//1194
f 1241//1195 1246//1195 1240//1195
f 1242//1196 1247//1196 1241//1196
f 1243//1197 1248//1197 1242//1197
f 1238//1198 1249//1198 1243//1198
f 1245//1199 1250//1199 1244//1199
f 1246//1200 1251//1200 1245//1200
f 1247//1201 1252//1201 1246//1201
f 1248//1202 1253//1202 1247//1202
f 1249//1203 1254//1203 1248//1203
f 1244//1204 1255//1204 1249//1204
f 1251//1205 1256//1205 1250//1205
f 1252//1206 1257//1206 1251//1206
f 1253//1207 1258//1207 1252//1207
f 1254//1208 1259//1208 1253//1208
f 1255//1209 1260//1209 1254//1209
f 1250//1210 1261//1210 1255//1210
f 1257//1211 1262//1211 1256//1211
f 1258//1212 1263//1212 1257//1212
f 1259//1213 1264//1213 1258//1213
f 1260//1214 1265//1214 1259//1214
f 1261//1215 1266//1215 1260//1215
f 1256//1216 1267//1216 1261//1216
f 1263//1217 1268//1217 1262//1217
f 1264//1218 1269//1218 1263//1218
f 1265//1219 1270//1219 1264//1219
f 1266//1220 1271//1220 1265//1220
f 1267//1221 1272//1221 1266//1221
f 1262//1222 1273//1222 1267//1222
f 1269//1223 1274//1223 1268//1223
f 1270//1224 1275//1224 1269//1224
f 1271//1225 1276//1225 1270//1225
f 1272//1226 1277//1226 1271//1226
f 1273//1227 1278//1227 1272//1227
f 1268//1228 1279//1228 1273//1228
f 1275//1229 1280//1229 1274//1229
f 1276//1230 1281//1230 1275//1230
f 1277//1231 1282//1231 1276//1231
f 1278//1232 1283//1232 1277//1232
f 1279//1233 1284//1233 1278//1233
f 1274//1234 1285//1234 1279//1234
f 1281//1235 1286//1235 1280//1235
f 1282//1236 1287//1236 1281//1236
f 1283//1237 1288//1237 1282//1237
f 1284//1238 1289//1238 1283//1238
f 1285//1239 1290//1239 1284//1239
f 1280//1240 1291//1240 1285//1240
f 1287//1241 1292//1241 1286//1241
f 1288//1242 1293//1242 1287//1242
f 1289//1243 1294//1243 1288//1243
f 1290//1244 1295//1244 1289//1244
f 1291//1245 1296//1245 1290//1245
f 1286//1246 1297//1246 1291//1246
f 1293//1247 1298//1247 1292//1247
f 1294//1248 1299//1248 1293//1248
f 1295//1249 1300//1249 1294//1249
f 1296//1250 1301//1250 1295//1250
f 1297//1251 1302//1251 1296//1251
f 1292//1252 1303//1252 1297//1252
f 1299//1253 1304//1253 1298//1253
f 1300//1254 1305//1254 1299//1254
f 1301//1255 1306//1255 1300//1255
f 1302//1256 1307//1256 1301//1256
f 1303//1257 1308//1257 1302//1257
f 1298//1258 1309//1258 1303//1258
f 1305//1259 1310//1259 1304//1259
f 1306//1260 1311//1260 1305//1260
f 1307//1261 1312//1261 1306//1261
f 1308//1262 1313//1262 1307//1262
f 1309//1263 1314//1263 1308//1263
f 1304//1264 1315//1264 1309//1264
f 1311//1265 1316//1265 1310//1265
f 1312//1266 1317//1266 1311//1266
f 1313//1267 1318//1267 1312//1267
f 1314//1268 1319//1268 1313//1268
f 1315//1269 1320//1269 1314//1269
f 1310//1270 1321//1270 1315//1270
f 1317//1271 1322//1271 1316//1271
f 1318//1272 1323//1272 1317//1272
f 1319//1273 1324//1273 1318//1273
f 1320//1274 1325//1274 1319//1274
f 1321//1275 1326//1275 1320//1275
f 1316//1276 1327//1276 1321//1276
f 1323//1277 1328//1277 1322//1277
f 1324//1278 1329//1278 1323//1278
f 1325//1279 1330//1279 1324//1279
f 1326//1280 1331//1280 1325//1280
f 1327//1281 1332//1281 1326//1281
f 1322//1282 1333//1282 1327//1282
f 1329//1283 1334//1283 1328//1283
f 1330//1284 1335//1284 1329//1284
f 1331//1285 1336//1285 1330//1285
f 1332//1286 1337//1286 1331//1286
f 1333//1287 1338//1287 1332//1287
f 1328//1288 1339//1288 1333//1288
f 1335//1289 1340//1289 1334//1289
f 1336//1290 1341//1290 1335//1290
f 1337//1291 1342//1291 1336//1291
f 1338//1292 1343//1292 1337//1292
f 1339//1293 1344//1293 1338//1293
f 1334//1294 1345//1294 1339//1294
f 1341//1295 1346//1295 1340//1295
f 1342//1296 1347//1296 1341//1296
f 1343//1297 1348//1297 1342//1297
f 1344//1298 1349//1298 1343//1298
f 1345//1299 1350//1299 1344//1299
f 1340//1300 1351//1300 1345//1300
f 1347//1301 1352//1301 1346//1301
f 1348//1302 1353//1302 1347//1302
f 1349//1303 1354//1303 1348//1303
f 1350//1304 1355//1304 1349//1304
f 1356//1305 1351//1305 1350//1305
f 1346//1306 1357//1306 1351//1306
f 1353//1307 1358//1307 1352//1307
f 1354//1308 1359//1308 1353//1308
f 1355//1309 1360//1309 1354//1309
f 1356//1310 1361//1310 1355//1310
f 1362//1311 1357//1311 1356//1311
f 1352//1312 1363//1312 1357//1312
f 1359//1313 1364//1313 1358//1313
f 1365//1314 1360//1314 1359//1314
f 1361//1315 1366//1315 1360//1315
f 1362//1316 1367//1316 1361//1316
f 1363//1317 1368//1317 1362//1317
f 1358//1318 1369//1318 1363//1318
f 1365//1319 1370//1319 1364//1319
f 1371//1320 1366//1320 1365//1320
f 1367//1321 1372//1321 1366//1321
f 1368//1322 1373//1322 1367//1322
f 1369//1323 1374//1323 1368//1323
f 1364//1324 1375//1324 1369//1324
f 1371//1325 1376//1325 1370//1325
f 1372//1326 1377//1326 1371//1326
f 1373//1327 1378//1327 1372//1327
f 1374//1328 1379//1328 1373//1328
f 1375//1329 1380//1329 1374//1329
f 1370//1330 1381//1330 1375//1330
f 1377//1331 1382//1331 1376//1331
f 1378//1332 1383//1332 1377//1332
f 1379//1333 1384//1333 1378//1333
f 1380//1334 1385//1334 1379//1334
f 1381//1335 1386//1335 1380//1335
f 1376//1336 1387//1336 1381//1336
f 1383//1337 1388//1337 1382//1337
f 1384//1338 1389//1338 1383//1338
f 1385//1339 1390//1339 1384//1339
f 1386//1340 1391//1340 1385//1340
f 1387//1341 1392//1341 1386//1341
f 1382//1342 1393//1342 1387//1342
f 1389//1343 1394//1343 1388//1343
f 1390//1344 1395//1344 1389//1344
f 1391//1345 1396//1345 1390//1345
f 1392//1346 1397//1346 1391//1346
f 1393//1347 1398//1347 1392//1347
f 1388//1348 1399//1348 1393//1348
f 1395//1349 1400//1349 1394//1349
f 1396//1350 1401//1350 1395//1350
f 1397//1351 1402//1351 1396//1351
f 1398//1352 1403//1352 1397//1352
f 1399//1353 1404//1353 1398//1353
f 1394//1354 1405//1354 1399//1354
f 1401//1355 1406//1355 1400//1355
f 1402//1356 1407//1356 1401//1356
f 1403//1357 1408//1357 1402//1357
f 1404//1358 1409//1358 1403//1358
f 1405//1359 1410//1359 1404//1359
f 1400//1360 1411//1360 1405//1360
f 1407//1361 1412//1361 1406//1361
f 1408//1362 1413//1362 1407//1362
f 1409//1363 1414//1363 1408//1363
f 1410//1364 1415//1364 1409//1364
f 1411//1365 1416//1365 1410//1365
f 1406//1366 1417//1366 1411//1366
f 1413//1367 1418//1367 1412//1367
f 1414//1368 1419//1368 1413//1368
f 1415//1369 1420//1369 1414//1369
f 1416//1370 1421//1370 1415//1370
f 1417//1371 1422//1371 1416//1371
f 1412//1372 1423//1372 1417//1372
f 1419//1373 1424//1373 1418//1373
f 1420//1374 1425//1374 1419//1374
f 1421//1375 1426//1375 1420//1375
f 1422//1376 1427//1376 1421//1376
f 1423//1377 1428//1377 1422//1377
f 1418//1378 1429//1378 1423//1378
f 1425//1379 1430//1379 1424//1379
f 1426//1380 1431//1380 1425//1380
f 1427//1381 1432//1381 1426//1381
f 1428//1382 1433//1382 1427//1382
f 1429//1383 1434//1383 1428//1383
f 1424//1384 1435//1384 1429//1384
f 1431//1385 1436//1385 1430//1385
f 1432//1386 1437//1386 1431//1386
f 1433//1387 1438//1387 1432//1387
f 1434//1388 1439//1388 1433//1388
f 1435//1389 1440//1389 1434//1389
f 1430//1390 1441//1390 1435//1390
f 1437//1391 1442//1391 1436//1391
f 1438//1392 1443//1392 1437//1392
f 1439//1393 1444//1393 1438//1393
f 1440//1394 1445//1394 1439//1394
f 1441//1395 1446//1395 1440//1395
f 1436//1396 1447//1396 1441//1396
f 1443//1397 1448//1397 1442//1397
f 1444//1398 1449//1398 1443//1398
f 1445//1399 1450//1399 1444//1399
f 1446//1400 1451//1400 1445//1400
f 1447//1401 1452//1401 1446//1401
f 1442//1402 1453//1402 1447//1402
f 1449//1403 1454//1403 1448//1403
f 1450//1404 1455//1404 1449//1404
f 1451//1405 1456//1405 1450//1405
f 1452//1406 1457//1406 1451//1406
f 1453//1407 1458//1407 1452//1407
f 1448//1408 1459//1408 1453//1408
f 1455//1409 1460//1409 1454//1409
f 1456//1410 1461//1410 1455//1410
f 1457//1411 1462//1411 1456//1411
f 1458//1412 1463//1412 1457//1412
f 1459//1413 1464//1413 1458//1413
f 1454//1414 1465//1414 1459//1414
f 1461//1415 1466//1415 1460//1415
f 1462//1416 1467//1416 1461//1416
f 1463//1417 1468//1417 1462//1417
f 1463//1418 1470//1418 1469//1418
f 1464//1419 1471//1419 1470//1419
f 1465//1420 1466//1420 1471//1420
f 374//1421 375//1421 381//1421
f 375//1422 376//1422 382//1422
f 376//1423 377//1423 383//1423
f 378//1424 384//1424 383//1424
f 379//1425 385//1425 384//1425
f 374//1426 380//1426 385//1426
f 381//1427 387//1427 386//1427
f 382//1428 388//1428 387//1428
f 383//1429 389//1429 388//1429
f 384//1430 390//1430 389//1430
f 385//1431 391//1431 390//1431
f 380//1432 386//1432 391//1432
f 387//1433 393//1433 392//1433
f 388//1434 394//1434 393//1434
f 389//1435 395//1435 394//1435
f 390//1436 396//1436 395//1436
f 391//1437 397//1437 396//1437
f 386//1438 392//1438 397//1438
f 393//1439 399//1439 398//1439
f 394//1440 400//1440 399//1440
f 395//1441 401//1441 400//1441
f 396//1442 402//1442 401//1442
f 397//1443 403//1443 402//1443
f 392//1444 398//1444 403//1444
f 399//1445 405//1445 404//1445
f 400//1446 406//1446 405//1446
f 401//1447 407//1447 406//1447
f 402//1448 408//1448 407//1448
f 403//1449 409//1449 408//1449
f 398//1450 404//1450 409//1450
f 405//1451 411//1451 410//1451
f 406//1452 412//1452 411//1452
f 407//1453 413//1453 412//1453
f 408//1454 414//1454 413//1454
f 414//1455 415//1455 409//1455
f 404//1456 410//1456 415//1456
f 411//1457 417//1457 416//1457
f 412//1458 418//1458 417//1458
f 413//1459 419//1459 418//1459
f 414//1460 420//1460 419//1460
f 415//1461 421//1461 420//1461
f 410//1462 416//1462 421//1462
f 417//1463 423//1463 422//1463
f 423//1464 424//1464 418//1464
f 419//1465 425//1465 424//1465
f 420//1466 426//1466 425//1466
f 421//1467 427//1467 426//1467
f 416//1468 422//1468 427//1468
f 423//1469 429//1469 428//1469
f 424//1470 430//1470 429//1470
f 425//1471 431//1471 430//1471
f 426//1472 432//1472 431//1472
f 427//1473 433//1473 432//1473
f 422//1474 428//1474 433//1474
f 429//1475 435//1475 434//1475
f 430//1476 436//1476 435//1476
f 431//1477 437//1477 436//1477
f 432//1478 438//1478 437//1478
f 433//1479 439//1479 438//1479
f 428//1480 434//1480 439//1480
f 435//1481 441//1481 440//1481
f 436//1482 442//1482 441//1482
f 437//1483 443//1483 442//1483
f 438//1484 444//1484 443//1484
f 439//1485 445//1485 444//1485
f 434//1486 440//1486 445//1486
f 441//1487 447//1487 446//1487
f 442//1488 448//1488 447//1488
f 443//1489 449//1489 448//1489
f 444//1490 450//1490 449//1490
f 445//1491 451//1491 450//1491
f 440//1492 446//1492 451//1492
f 447//1493 453//1493 452//1493
f 448//1494 454//1494 453//1494
f 449//1495 455//1495 454//1495
f 450//1496 456//1496 455//1496
f 451//1497 457//1497 456//1497
f 446//1498 452//1498 457//1498
f 453//1499 459//1499 458//1499
f 454//1500 460//1500 459//1500
f 455//1501 461//1501 460//1501
f 456//1502 462//1502 461//1502
f 457//1503 463//1503 462//1503
f 452//1504 458//1504 463//1504
f 459//1505 465//1505 464//1505
f 460//1506 466//1506 465//1506
f 461//1507 467//1507 466//1507
f 462//1508 468//1508 467//1508
f 463//1509 469//1509 468//1509
f 458//1510 464//1510 469//1510
f 465//1511 471//1511 470//1511
f 466//1512 472//1512 471//1512
f 467//1513 473//1513 472//1513
f 468//1514 474//1514 473//1514
f 469//1515 475//1515 474//1515
f 464//1516 470//1516 475//1516
f 471//1517 477//1517 476//1517
f 472//1518 478//1518 477//1518
f 473//1519 479//1519 478//1519
f 474//1520 480//1520 479//1520
f 475//1521 481//1521 480//1521
f 470//1522 476//1522 481//1522
f 477//1523 483//1523 482//1523
f 478//1524 484//1524 483//1524
f 479//1525 485//1525 484//1525
f 480//1526 486//1526 485//1526
f 481//1527 487//1527 486//1527
f 476//1528 482//1528 487//1528
f 483//1529 489//1529 488//1529
f 484//1530 490//1530 489//1530
f 485//1531 491//1531 490//1531
f 486//1532 492//1532 491//1532
f 487//1533 493//1533 492//1533
f 482//1534 488//1534 493//1534
f 489//1535 495//1535 494//1535
f 490//1536 496//1536 495//1536
f 491//1537 497//1537 496//1537
f 492//1538 498//1538 497//1538
f 493//1539 499//1539 498//1539
f 488//1540 494//1540 499//1540
f 495//1541 501//1541 500//1541
f 496//1542 502//1542 501//1542
f 497//1543 503//1543 502//1543
f 498//1544 504//1544 503//1544
f 499//1545 505//1545 504//1545
f 494//1546 500//1546 505//1546
f 501//1547 507//1547 506//1547
f 502//1548 508//1548 507//1548
f 503//1549 509//1549 508//1549
f 504//1550 510//1550 509//1550
f 505//1551 511//1551 510//1551
f 500//1552 506//1552 511//1552
f 507//1553 513//1553 512//1553
f 513//1554 514//1554 508//1554
f 509//1555 515//1555 514//1555
f 510//1556 516//1556 515//1556
f 511//1557 517//1557 516//1557
f 506//1558 512//1558 517//1558
f 513//1559 519//1559 518//1559
f 514//1560 520//1560 519//1560
f 515//1561 521//1561 520//1561
f 516//1562 522//1562 521//1562
f 517//1563 523//1563 522//1563
f 512//1564 518//1564 523//1564
f 519//1565 525//1565 524//1565
f 520//1566 526//1566 525//1566
f 521//1567 527//1567 526//1567
f 522//1568 528//1568 527//1568
f 523//1569 529//1569 528//1569
f 518//1570 524//1570 529//1570
f 525//1571 531//1571 530//1571
f 526//1572 532//1572 531//1572
f 527//1573 533//1573 532//1573
f 528//1574 534//1574 533//1574
f 529//1575 535//1575 534//1575
f 524//1576 530//1576 535//1576
f 531//1577 537//1577 536//1577
f 532//1578 538//1578 537//1578
f 533//1579 539//1579 538//1579
f 534//1580 540//1580 539//1580
f 535//1581 541//1581 540//1581
f 530//1582 536//1582 541//1582
f 537//1583 543//1583 542//1583
f 538//1584 544//1584 543//1584
f 539//1585 545//1585 544//1585
f 540//1586 546//1586 545//1586
f 541//1587 547//1587 546//1587
f 536//1588 542//1588 547//1588
f 543//1589 549//1589 548//1589
f 544//1590 550//1590 549//1590
f 545//1591 551//1591 550//1591
f 546//1592 552//1592 551//1592
f 547//1593 553//1593 552//1593
f 542//1594 548//1594 553//1594
f 549//1595 555//1595 554//1595
f 550//1596 556//1596 555//1596
f 551//1597 557//1597 556//1597
f 552//1598 558//1598 557//1598
f 553//1599 559//1599 558//1599
f 548//1600 554//1600 559//1600
f 555//1601 561//1601 560//1601
f 556//1602 562//1602 561//1602
f 557//1603 563//1603 562//1603
f 558//1604 564//1604 563//1604
f 559//1605 565//1605 564//1605
f 554//1606 560//1606 565//1606
f 561//1607 567//1607 566//1607
f 562//1608 568//1608 567//1608
f 563//1609 569//1609 568//1609
f 564//1610 570//1610 569//1610
f 565//1611 571//1611 570//1611
f 560//1612 566//1612 571//1612
f 567//1613 573//1613 572//1613
f 568//1614 574//1614 573//1614
f 569//1615 575//1615 574//1615
f 570//1616 576//1616 575//1616
f 571//1617 577//1617 576//1617
f 566//1618 572//1618 577//1618
f 573//1619 579//1619 578//1619
f 574//1620 580//1620 579//1620
f 575//1621 581//1621 580//1621
f 576//1622 582//1622 581//1622
f 577//1623 583//1623 582//1623
f 572//1624 578//1624 583//1624
f 579//1625 585//1625 584//1625
f 580//1626 586//1626 585//1626
f 581//1627 587//1627 586//1627
f 582//1628 588//1628 587//1628
f 583//1629 589//1629 588//1629
f 578//1630 584//1630 589//1630
f 585//1631 591//1631 590//1631
f 586//1632 592//1632 591//1632
f 587//1633 593//1633 592//1633
f 588//1634 594//1634 593//1634
f 594//1635 595//1635 589//1635
f 584//1636 590//1636 595//1636
f 591//1637 597//1637 596//1637
f 592//1638 598//1638 597//1638
f 593//1639 599//1639 598//1639
f 594//1640 600//1640 599//1640
f 595//1641 601//1641 600//1641
f 590//1642 596//1642 601//1642
f 597//1643 603//1643 602//1643
f 598//1644 604//1644 603//1644
f 599//1645 605//1645 604//1645
f 600//1646 606//1646 605//1646
f 601//1647 607//1647 606//1647
f 596//1648 602//1648 607//1648
f 603//1649 609//1649 608//1649
f 604//1650 610//1650 609//1650
f 605//1651 611//1651 610//1651
f 606//1652 612//1652 611//1652
f 607//1653 613//1653 612//1653
f 602//1654 608//1654 613//1654
f 609//1655 615//1655 614//1655
f 610//1656 616//1656 615//1656
f 611//1657 617//1657 616//1657
f 612//1658 618//1658 617//1658
f 613//1659 619//1659 618//1659
f 608//1660 614//1660 619//1660
f 615//1661 621//1661 620//1661
f 616//1662 622//1662 621//1662
f 617//1663 623//1663 622//1663
f 618//1664 624//1664 623//1664
f 619//1665 625//1665 624//1665
f 614//1666 620//1666 625//1666
f 621//1667 627//1667 626//1667
f 622//1668 628//1668 627//1668
f 623//1669 629//1669 628//1669
f 624//1670 630//1670 629//1670
f 625//1671 631//1671 630//1671
f 620//1672 626//1672 631//1672
f 627//1673 633//1673 632//1673
f 628//1674 634//1674 633//1674
f 629//1675 635//1675 634//1675
f 630//1676 636//1676 635//1676
f 631//1677 637//1677 636//1677
f 626//1678 632//1678 637//1678
f 633//1679 639//1679 638//1679
f 634//1680 640//1680 639//1680
f 635//1681 641//1681 640//1681
f 636//1682 642//1682 641//1682
f 637//1683 643//1683 642//1683
f 632//1684 638//1684 643//1684
f 639//1685 645//1685 644//1685
f 640//1686 646//1686 645//1686
f 641//1687 647//1687 646//1687
f 642//1688 648//1688 647//1688
f 643//1689 649//1689 648//1689
f 638//1690 644//1690 649//1690
f 645//1691 651//1691 650//1691
f 646//1692 652//1692 651//1692
f 647//1693 653//1693 652//1693
f 648//1694 654//1694 653//1694
f 649//1695 655//1695 654//1695
f 644//1696 650//1696 655//1696
f 651//1697 657//1697 656//1697
f 652//1698 658//1698 657//1698
f 653//1699 659//1699 658//1699
f 654//1700 660//1700 659//1700
f 655//1701 661//1701 660//1701
f 650//1702 656//1702 661//1702
f 657//1703 663//1703 662//1703
f 658//1704 664//1704 663//1704
f 659//1705 665//1705 664//1705
f 660//1706 666//1706 665//1706
f 661//1707 667//1707 666//1707
f 656//1708 662//1708 667//1708
f 663//1709 669//1709 668//1709
f 664//1710 670//1710 669//1710
f 665//1711 671//1711 670//1711
f 666//1712 672//1712 671//1712
f 667//1713 673//1713 672//1713
f 662//1714 668//1714 673//1714
f 669//1715 675//1715 674//1715
f 670//1716 676//1716 675//1716
f 671//1717 677//1717 676//1717
f 672//1718 678//1718 677//1718
f 673//1719 679//1719 678//1719
f 668//1720 674//1720 679//1720
f 675//1721 681//1721 680//1721
f 676//1722 682//1722 681//1722
f 677//1723 683//1723 682//1723
f 678//1724 684//1724 683//1724
f 684//1725 685//1725 679//1725
f 674//1726 680//1726 685//1726
f 681//1727 687//1727 686//1727
f 682//1728 688//1728 687//1728
f 683//1729 689//1729 688//1729
f 684//1730 690//1730 689//1730
f 685//1731 691//1731 690//1731
f 680//1732 686//1732 691//1732
f 687//1733 693//1733 692//1733
f 693//1734 694//1734 688//1734
f 689//1735 695//1735 694//1735
f 690//1736 696//1736 695//1736
f 691//1737 697//1737 696//1737
f 686//1738 692//1738 697//1738
f 693//1739 699//1739 698//1739
f 694//1740 700//1740 699//1740
f 695//1741 701//1741 700//1741
f 696//1742 702//1742 701//1742
f 697//1743 703//1743 702//1743
f 692//1744 698//1744 703//1744
f 699//1745 705//1745 704//1745
f 700//1746 706//1746 705//1746
f 701//1747 707//1747 706//1747
f 702//1748 708//1748 707//1748
f 703//1749 709//1749 708//1749
f 698//1750 704//1750 709//1750
f 705//1751 711//1751 710//1751
f 706//1752 712//1752 711//1752
f 707//1753 713//1753 712//1753
f 708//1754 714//1754 713//1754
f 709//1755 715//1755 714//1755
f 704//1756 710//1756 715//1756
f 711//1757 717//1757 716//1757
f 712//1758 718//1758 717//1758
f 713//1759 719//1759 718//1759
f 714//1760 720//1760 719//1760
f 715//1761 721//1761 720//1761
f 710//1762 716//1762 721//1762
f 717//1763 723//1763 722//1763
f 718//1764 724//1764 723//1764
f 719//1765 725//1765 724//1765
f 720//1766 726//1766 725//1766
f 721//1767 727//1767 726//1767
f 716//1768 722//1768 727//1768
f 723//1769 729//1769 728//1769
f 724//1770 730//1770 729//1770
f 725//1771 731//1771 730//1771
f 726//1772 732//1772 731//1772
f 727//1773 733//1773 732//1773
f 722//1774 728//1774 733//1774
f 729//1775 735//1775 734//1775
f 730//1776 736//1776 735//1776
f 731//1777 737//1777 736//1777
f 731//1778 732//1778 738//1778
f 732//1779 733//1779 739//1779
f 733//1780 728//1780 734//1780
f 740//1781 741//1781 747//1781
f 741//1782 742//1782 748//1782
f 742//1783 743//1783 749//1783
f 744//1784 750//1784 749//1784
f 745//1785 751//1785 750//1785
f 740//1786 746//1786 751//1786
f 746//1787 747//1787 753//1787
f 747//1788 748//1788 754//1788
f 748//1789 749//1789 755//1789
f 749//1790 750//1790 756//1790
f 750//1791 751//1791 757//1791
f 751//1792 746//1792 752//1792
f 752//1793 753//1793 759//1793
f 753//1794 754//1794 760//1794
f 754//1795 755//1795 761//1795
f 755//1796 756//1796 762//1796
f 756//1797 757//1797 763//1797
f 757//1798 752//1798 758//1798
f 758//1799 759//1799 765//1799
f 759//1800 760//1800 766//1800
f 760//1801 761//1801 767//1801
f 761//1802 762//1802 768//1802
f 762//1803 763//1803 769//1803
f 763//1804 758//1804 764//1804
f 764//1805 765//1805 771//1805
f 765//1806 771//1806 772//1806
f 766//1807 767//1807 773//1807
f 767//1808 768//1808 774//1808
f 768//1809 769//1809 775//1809
f 769//1810 764//1810 770//1810
f 770//1811 771//1811 777//1811
f 771//1812 777//1812 778//1812
f 772//1813 773//1813 779//1813
f 773//1814 774//1814 780//1814
f 774//1815 775//1815 781//1815
f 775//1816 770//1816 776//1816
f 776//1817 777//1817 783//1817
f 777//1818 778//1818 784//1818
f 778//1819 779//1819 785//1819
f 779//1820 780//1820 786//1820
f 780//1821 786//1821 787//1821
f 781//1822 776//1822 782//1822
f 782//1823 783//1823 789//1823
f 783//1824 784//1824 790//1824
f 784//1825 785//1825 791//1825
f 785//1826 786//1826 792//1826
f 786//1827 787//1827 793//1827
f 787//1828 782//1828 788//1828
f 788//1829 789//1829 795//1829
f 789//1830 790//1830 796//1830
f 790//1831 791//1831 797//1831
f 791//1832 792//1832 798//1832
f 792//1833 793//1833 799//1833
f 793//1834 788//1834 794//1834
f 794//1835 795//1835 801//1835
f 795//1836 796//1836 802//1836
f 796//1837 797//1837 803//1837
f 797//1838 798//1838 804//1838
f 798//1839 799//1839 805//1839
f 799//1840 794//1840 800//1840
f 800//1841 801//1841 807//1841
f 801//1842 802//1842 808//1842
f 802//1843 803//1843 809//1843
f 803//1844 804//1844 810//1844
f 804//1845 805//1845 811//1845
f 805//1846 800//1846 806//1846
f 806//1847 807//1847 813//1847
f 807//1848 808//1848 814//1848
f 808//1849 809//1849 815//1849
f 809//1850 810//1850 816//1850
f 810//1851 811//1851 817//1851
f 811//1852 806//1852 812//1852
f 812//1853 813//1853 819//1853
f 813//1854 814//1854 820//1854
f 814//1855 815//1855 821//1855
f 815//1856 816//1856 822//1856
f 816//1857 817//1857 823//1857
f 817//1858 812//1858 818//1858
f 818//1859 819//1859 825//1859
f 819//1860 820//1860 826//1860
f 820//1861 821//1861 827//1861
f 821//1862 822//1862 828//1862
f 822//1863 823//1863 829//1863
f 823//1864 818//1864 824//1864
f 824//1865 825//1865 831//1865
f 825//1866 826//1866 832//1866
f 826//1867 827//1867 833//1867
f 827//1868 828//1868 834//1868
f 828//1869 829//1869 835//1869
f 829//1870 824//1870 830//1870
f 830//1871 831//1871 837//1871
f 831//1872 832//1872 838//1872
f 832//1873 833//1873 839//1873
f 833//1874 834//1874 840//1874
f 834//1875 835//1875 841//1875
f 835//1876 830//1876 836//1876
f 836//1877 837//1877 843//1877
f 837//1878 838//1878 844//1878
f 838//1879 839//1879 845//1879
f 839//1880 840//1880 846//1880
f 840//1881 841//1881 847//1881
f 841//1882 836//1882 842//1882
f 842//1883 843//1883 849//1883
f 843//1884 844//1884 850//1884
f 844//1885 845//1885 851//1885
f 845//1886 846//1886 852//1886
f 846//1887 847//1887 853//1887
f 847//1888 842//1888 848//1888
f 848//1889 849//1889 855//1889
f 849//1890 850//1890 856//1890
f 850//1891 851//1891 857//1891
f 851//1892 852//1892 858//1892
f 852//1893 853//1893 859//1893
f 853//1894 848//1894 854//1894
f 854//1895 855//1895 861//1895
f 855//1896 861//1896 862//1896
f 856//1897 857//1897 863//1897
f 857//1898 858//1898 864//1898
f 858//1899 859//1899 865//1899
f 859//1900 854//1900 860//1900
f 860//1901 861//1901 867//1901
f 861//1902 862//1902 868//1902
f 862//1903 863//1903 869//1903
f 863//1904 864//1904 870//1904
f 864//1905 865//1905 871//1905
f 865//1906 860//1906 866//1906
f 866//1907 867//1907 873//1907
f 867//1908 868//1908 874//1908
f 868//1909 869//1909 875//1909
f 869//1910 870//1910 876//1910
f 870//1911 871//1911 877//1911
f 871//1912 866//1912 872//1912
f 872//1913 873//1913 879//1913
f 873//1914 874//1914 880//1914
f 874//1915 875//1915 881//1915
f 875//1916 876//1916 882//1916
f 876//1917 882//1917 883//1917
f 877//1918 872//1918 878//1918
f 878//1919 879//1919 885//1919
f 879//1920 885//1920 886//1920
f 880//1921 881//1921 887//1921
f 881//1922 882//1922 888//1922
f 882//1923 883//1923 889//1923
f 883//1924 878//1924 884//1924
f 884//1925 885//1925 891//1925
f 885//1926 891//1926 892//1926
f 886//1927 887//1927 893//1927
f 887//1928 888//1928 894//1928
f 888//1929 889//1929 895//1929
f 889//1930 884//1930 890//1930
f 890//1931 891//1931 897//1931
f 891//1932 892//1932 898//1932
f 892//1933 893//1933 899//1933
f 893//1934 894//1934 900//1934
f 894//1935 895//1935 901//1935
f 895//1936 890//1936 896//1936
f 896//1937 897//1937 903//1937
f 897//1938 898//1938 904//1938
f 898//1939 899//1939 905//1939
f 899//1940 900//1940 906//1940
f 900//1941 906//1941 907//1941
f 901//1942 896//1942 902//1942
f 902//1943 903//1943 909//1943
f 903//1944 904//1944 910//1944
f 904//1945 905//1945 911//1945
f 905//1946 906//1946 912//1946
f 906//1947 907//1947 913//1947
f 907//1948 902//1948 908//1948
f 908//1949 909//1949 915//1949
f 909//1950 910//1950 916//1950
f 910//1951 911//1951 917//1951
f 911//1952 912//1952 918//1952
f 912//1953 913//1953 919//1953
f 913//1954 908//1954 914//1954
f 914//1955 915//1955 921//1955
f 915//1956 916//1956 922//1956
f 916//1957 917//1957 923//1957
f 917//1958 918//1958 924//1958
f 918//1959 919//1959 925//1959
f 919//1960 914//1960 920//1960
f 920//1961 921//1961 927//1961
f 921//1962 922//1962 928//1962
f 922//1963 923//1963 929//1963
f 923//1964 924//1964 930//1964
f 924//1965 925//1965 931//1965
f 925//1966 920//1966 926//1966
f 926//1967 927//1967 933//1967
f 927//1968 928//1968 934//1968
f 928//1969 929//1969 935//1969
f 929//1970 930//1970 936//1970
f 930//1971 931//1971 937//1971
f 931//1972 926//1972 932//1972
f 932//1973 933//1973 939//1973
f 933//1974 934//1974 940//1974
f 934//1975 935//1975 941//1975
f 935//1976 936//1976 942//1976
f 936//1977 937//1977 943//1977
f 937//1978 932//1978 938//1978
f 938//1979 939//1979 945//1979
f 939//1980 940//1980 946//1980
f 940//1981 941//1981 947//1981
f 941//1982 942//1982 948//1982
f 942//1983 943//1983 949//1983
f 943//1984 938//1984 944//1984
f 944//1985 945//1985 951//1985
f 945//1986 946//1986 952//1986
f 946//1987 947//1987 953//1987
f 947//1988 948//1988 954//1988
f 948//1989 949//1989 955//1989
f 949//1990 944//1990 950//1990
f 950//1991 951//1991 957//1991
f 951//1992 957//1992 958//1992
f 952//1993 953//1993 959//1993
f 953//1994 954//1994 960//1994
f 954//1995 955//1995 961//1995
f 955//1996 950//1996 956//1996
f 956//1997 957//1997 963//1997
f 957//1998 958//1998 964//1998
f 958//1999 959//1999 965//1999
f 959//2000 960//2000 966//2000
f 960//2001 961//2001 967//2001
f 961//2002 956//2002 962//2002
f 962//2003 963//2003 969//2003
f 963//2004 964//2004 970//2004
f 964//2005 965//2005 971//2005
f 965//2006 966//2006 972//2006
f 966//2007 967//2007 973//2007
f 967//2008 962//2008 968//2008
f 968//2009 969//2009 975//2009
f 969//2010 970//2010 976//2010
f 970//2011 971//2011 977//2011
f 971//2012 972//2012 978//2012
f 972//2013 978//2013 979//2013
f 973//2014 968//2014 974//2014
f 974//2015 975//2015 981//2015
f 975//2016 976//2016 982//2016
f 976//2017 977//2017 983//2017
f 977//2018 978//2018 984//2018
f 978//2019 979//2019 985//2019
f 979//2020 974//2020 980//2020
f 980//2021 981//2021 987//2021
f 981//2022 987//2022 988//2022
f 982//2023 983//2023 989//2023
f 983//2024 984//2024 990//2024
f 984//2025 985//2025 991//2025
f 985//2026 980//2026 986//2026
f 986//2027 987//2027 993//2027
f 987//2028 988//2028 994//2028
f 988//2029 989//2029 995//2029
f 989//2030 990//2030 996//2030
f 990//2031 991//2031 997//2031
f 991//2032 986//2032 992//2032
f 992//2033 993//2033 999//2033
f 993//2034 994//2034 1000//2034
f 994//2035 995//2035 1001//2035
f 995//2036 996//2036 1002//2036
f 996//2037 997//2037 1003//2037
f 997//2038 992//2038 998//2038
f 998//2039 999//2039 1005//2039
f 999//2040 1000//2040 1006//2040
f 1000//2041 1001//2041 1007//2041
f 1001//2042 1002//2042 1008//2042
f 1002//2043 1008//2043 1009//2043
f 1003//2044 998//2044 1004//2044
f 1004//2045 1005//2045 1011//2045
f 1005//2046 1006//2046 1012//2046
f 1006//2047 1007//2047 1013//2047
f 1007//2048 1008//2048 1014//2048
f 1008//2049 1009//2049 1015//2049
f 1009//2050 1004//2050 1010//2050
f 1010//2051 1011//2051 1017//2051
f 1011//2052 1012//2052 1018//2052
f 1012//2053 1013//2053 1019//2053
f 1013//2054 1014//2054 1020//2054
f 1014//2055 1015//2055 1021//2055
f 1015//2056 1010//2056 1016//2056
f 1016//2057 1017//2057 1023//2057
f 1017//2058 1018//2058 1024//2058
f 1018//2059 1019//2059 1025//2059
f 1019//2060 1020//2060 1026//2060
f 1020//2061 1021//2061 1027//2061
f 1021//2062 1016//2062 1022//2062
f 1022//2063 1023//2063 1029//2063
f 1023//2064 1024//2064 1030//2064
f 1024//2065 1025//2065 1031//2065
f 1025//2066 1026//2066 1032//2066
f 1026//2067 1027//2067 1033//2067
f 1027//2068 1022//2068 1028//2068
f 1028//2069 1029//2069 1035//2069
f 1029//2070 1030//2070 1036//2070
f 1030//2071 1031//2071 1037//2071
f 1031//2072 1032//2072 1038//2072
f 1032//2073 1033//2073 1039//2073
f 1033//2074 1028//2074 1034//2074
f 1034//2075 1035//2075 1041//2075
f 1035//2076 1036//2076 1042//2076
f 1036//2077 1037//2077 1043//2077
f 1037//2078 1038//2078 1044//2078
f 1038//2079 1039//2079 1045//2079
f 1039//2080 1034//2080 1040//2080
f 1040//2081 1041//2081 1047//2081
f 1041//2082 1042//2082 1048//2082
f 1042//2083 1043//2083 1049//2083
f 1043//2084 1044//2084 1050//2084
f 1044//2085 1045//2085 1051//2085
f 1045//2086 1040//2086 1046//2086
f 1046//2087 1047//2087 1053//2087
f 1047//2088 1053//2088 1054//2088
f 1048//2089 1049//2089 1055//2089
f 1049//2090 1050//2090 1056//2090
f 1050//2091 1051//2091 1057//2091
f 1051//2092 1046//2092 1052//2092
f 1052//2093 1053//2093 1059//2093
f 1053//2094 1054//2094 1060//2094
f 1054//2095 1055//2095 1061//2095
f 1055//2096 1056//2096 1062//2096
f 1056//2097 1062//2097 1063//2097
f 1057//2098 1052//2098 1058//2098
f 1058//2099 1059//2099 1065//2099
f 1059//2100 1060//2100 1066//2100
f 1060//2101 1061//2101 1067//2101
f 1061//2102 1062//2102 1068//2102
f 1062//2103 1068//2103 1069//2103
f 1063//2104 1058//2104 1064//2104
f 1064//2105 1065//2105 1071//2105
f 1065//2106 1066//2106 1072//2106
f 1066//2107 1067//2107 1073//2107
f 1067//2108 1068//2108 1074//2108
f 1068//2109 1069//2109 1075//2109
f 1069//2110 1064//2110 1070//2110
f 1070//2111 1071//2111 1077//2111
f 1071//2112 1072//2112 1078//2112
f 1072//2113 1073//2113 1079//2113
f 1073//2114 1074//2114 1080//2114
f 1074//2115 1075//2115 1081//2115
f 1075//2116 1070//2116 1076//2116
f 1076//2117 1077//2117 1083//2117
f 1077//2118 1078//2118 1084//2118
f 1078//2119 1079//2119 1085//2119
f 1079//2120 1080//2120 1086//2120
f 1080//2121 1081//2121 1087//2121
f 1081//2122 1076//2122 1082//2122
f 1082//2123 1083//2123 1089//2123
f 1083//2124 1084//2124 1090//2124
f 1084//2125 1085//2125 1091//2125
f 1085//2126 1086//2126 1092//2126
f 1086//2127 1087//2127 1093//2127
f 1087//2128 1082//2128 1088//2128
f 1088//2129 1089//2129 1095//2129
f 1089//2130 1090//2130 1096//2130
f 1090//2131 1091//2131 1097//2131
f 1091//2132 1092//2132 1098//2132
f 1092//2133 1093//2133 1099//2133
f 1093//2134 1088//2134 1094//2134
f 1095//2135 1101//2135 1100//2135
f 1096//2136 1102//2136 1101//2136
f 1097//2137 1103//2137 1102//2137
f 1097//2138 1098//2138 1104//2138
f 1098//2139 1099//2139 1105//2139
f 1099//2140 1094//2140 1100//2140
f 1106//2141 1107//2141 1113//2141
f 1107//2142 1108//2142 1114//2142
f 1108//2143 1109//2143 1115//2143
f 1110//2144 1116//2144 1115//2144
f 1111//2145 1117//2145 1116//2145
f 1106//2146 1112//2146 1117//2146
f 1113//2147 1119//2147 1118//2147
f 1114//2148 1120//2148 1119//2148
f 1115//2149 1121//2149 1120//2149
f 1116//2150 1122//2150 1121//2150
f 1117//2151 1123//2151 1122//2151
f 1112//2152 1118//2152 1123//2152
f 1119//2153 1125//2153 1124//2153
f 1120//2154 1126//2154 1125//2154
f 1121//2155 1127//2155 1126//2155
f 1122//2156 1128//2156 1127//2156
f 1123//2157 1129//2157 1128//2157
f 1118//2158 1124//2158 1129//2158
f 1125//2159 1131//2159 1130//2159
f 1126//2160 1132//2160 1131//2160
f 1127//2161 1133//2161 1132//2161
f 1128//2162 1134//2162 1133//2162
f 1129//2163 1135//2163 1134//2163
f 1124//2164 1130//2164 1135//2164
f 1131//2165 1137//2165 1136//2165
f 1132//2166 1138//2166 1137//2166
f 1133//2167 1139//2167 1138//2167
f 1134//2168 1140//2168 1139//2168
f 1135//2169 1141//2169 1140//2169
f 1130//2170 1136//2170 1141//2170
f 1137//2171 1143//2171 1142//2171
f 1138//2172 1144//2172 1143//2172
f 1139//2173 1145//2173 1144//2173
f 1140//2174 1146//2174 1145//2174
f 1141//2175 1147//2175 1146//2175
f 1136//2176 1142//2176 1147//2176
f 1143//2177 1149//2177 1148//2177
f 1144//2178 1150//2178 1149//2178
f 1145//2179 1151//2179 1150//2179
f 1146//2180 1152//2180 1151//2180
f 1147//2181 1153//2181 1152//2181
f 1142//2182 1148//2182 1153//2182
f 1149//2183 1155//2183 1154//2183
f 1150//2184 1156//2184 1155//2184
f 1151//2185 1157//2185 1156//2185
f 1152//2186 1158//2186 1157//2186
f 1153//2187 1159//2187 1158//2187
f 1148//2188 1154//2188 1159//2188
f 1155//2189 1161//2189 1160//2189
f 1156//2190 1162//2190 1161//2190
f 1157//2191 1163//2191 1162//2191
f 1158//2192 1164//2192 1163//2192
f 1159//2193 1165//2193 1164//2193
f 1154//2194 1160//2194 1165//2194
f 1161//2195 1167//2195 1166//2195
f 1162//2196 1168//2196 1167//2196
f 1163//2197 1169//2197 1168//2197
f 1164//2198 1170//2198 1169//2198
f 1165//2199 1171//2199 1170//2199
f 1160//2200 1166//2200 1171//2200
f 1167//2201 1173//2201 1172//2201
f 1168//2202 1174//2202 1173//2202
f 1169//2203 1175//2203 1174//2203
f 1170//2204 1176//2204 1175//2204
f 1171//2205 1177//2205 1176//2205
f 1166//2206 1172//2206 1177//2206
f 1173//2207 1179//2207 1178//2207
f 1174//2208 1180//2208 1179//2208
f 1175//2209 1181//2209 1180//2209
f 1176//2210 1182//2210 1181//2210
f 1177//2211 1183//2211 1182//2211
f 1172//2212 1178//2212 1183//2212
f 1179//2213 1185//2213 1184//2213
f 1180//2214 1186//2214 1185//2214
f 1181//2215 1187//2215 1186//2215
f 1182//2216 1188//2216 1187//2216
f 1183//2217 1189//2217 1188//2217
f 1178//2218 1184//2218 1189//2218
f 1185//2219 1191//2219 1190//2219
f 1186//2220 1192//2220 1191//2220
f 1187//2221 1193//2221 1192//2221
f 1188//2222 1194//2222 1193//2222
f 1189//2223 1195//2223 1194//2223
f 1184//2224 1190//2224 1195//2224
f 1191//2225 1197//2225 1196//2225
f 1192//2226 1198//2226 1197//2226
f 1193//2227 1199//2227 1198//2227
f 1194//2228 1200//2228 1199//2228
f 1200//2229 1201//2229 1195//2229
f 1190//2230 1196//2230 1201//2230
f 1197//2231 1203//2231 1202//2231
f 1198//2232 1204//2232 1203//2232
f 1199//2233 1205//2233 1204//2233
f 1200//2234 1206//2234 1205//2234
f 1206//2235 1207//2235 1201//2235
f 1196//2236 1202//2236 1207//2236
f 1203//2237 1209//2237 1208//2237
f 1204//2238 1210//2238 1209//2238
f 1205//2239 1211//2239 1210//2239
f 1206//2240 1212//2240 1211//2240
f 1207//2241 1213//2241 1212//2241
f 1202//2242 1208//2242 1213//2242
f 1209//2243 1215//2243 1214//2243
f 1215//2244 1216//2244 1210//2244
f 1211//2245 1217//2245 1216//2245
f 1212//2246 1218//2246 1217//2246
f 1213//2247 1219//2247 1218//2247
f 1208//2248 1214//2248 1219//2248
f 1215//2249 1221//2249 1220//2249
f 1216//2250 1222//2250 1221//2250
f 1217//2251 1223//2251 1222//2251
f 1218//2252 1224//2252 1223//2252
f 1219//2253 1225//2253 1224//2253
f 1214//2254 1220//2254 1225//2254
f 1221//2255 1227//2255 1226//2255
f 1222//2256 1228//2256 1227//2256
f 1223//2257 1229//2257 1228//2257
f 1224//2258 1230//2258 1229//2258
f 1225//2259 1231//2259 1230//2259
f 1220//2260 1226//2260 1231//2260
f 1227//2261 1233//2261 1232//2261
f 1228//2262 1234//2262 1233//2262
f 1229//2263 1235//2263 1234//2263
f 1230//2264 1236//2264 1235//2264
f 1231//2265 1237//2265 1236//2265
f 1226//2266 1232//2266 1237//2266
f 1233//2267 1239//2267 1238//2267
f 1234//2268 1240//2268 1239//2268
f 1235//2269 1241//2269 1240//2269
f 1236//2270 1242//2270 1241//2270
f 1237//2271 1243//2271 1242//2271
f 1232//2272 1238//2272 1243//2272
f 1239//2273 1245//2273 1244//2273
f 1240//2274 1246//2274 1245//2274
f 1241//2275 1247//2275 1246//2275
f 1242//2276 1248//2276 1247//2276
f 1243//2277 1249//2277 1248//2277
f 1238//2278 1244//2278 1249//2278
f 1245//2279 1251//2279 1250//2279
f 1246//2280 1252//2280 1251//2280
f 1247//2281 1253//2281 1252//2281
f 1248//2282 1254//2282 1253//2282
f 1249//2283 1255//2283 1254//2283
f 1244//2284 1250//2284 1255//2284
f 1251//2285 1257//2285 1256//2285
f 1252//2286 1258//2286 1257//2286
f 1253//2287 1259//2287 1258//2287
f 1254//2288 1260//2288 1259//2288
f 1255//2289 1261//2289 1260//2289
f 1250//2290 1256//2290 1261//2290
f 1257//2291 1263//2291 1262//2291
f 1258//2292 1264//2292 1263//2292
f 1259//2293 1265//2293 1264//2293
f 1260//2294 1266//2294 1265//2294
f 1261//2295 1267//2295 1266//2295
f 1256//2296 1262//2296 1267//2296
f 1263//2297 1269//2297 1268//2297
f 1264//2298 1270//2298 1269//2298
f 1265//2299 1271//2299 1270//2299
f 1266//2300 1272//2300 1271//2300
f 1267//2301 1273//2301 1272//2301
f 1262//2302 1268//2302 1273//2302
f 1269//2303 1275//2303 1274//2303
f 1270//2304 1276//2304 1275//2304
f 1271//2305 1277//2305 1276//2305
f 1272//2306 1278//2306 1277//2306
f 1273//2307 1279//2307 1278//2307
f 1268//2308 1274//2308 1279//2308
f 1275//2309 1281//2309 1280//2309
f 1276//2310 1282//2310 1281//2310
f 1277//2311 1283//2311 1282//2311
f 1278//2312 1284//2312 1283//2312
f 1279//2313 1285//2313 1284//2313
f 1274//2314 1280//2314 1285//2314
f 1281//2315 1287//2315 1286//2315
f 1282//2316 1288//2316 1287//2316
f 1283//2317 1289//2317 1288//2317
f 1284//2318 1290//2318 1289//2318
f 1285//2319 1291//2319 1290//2319
f 1280//2320 1286//2320 1291//2320
f 1287//2321 1293//2321 1292//2321
f 1288//2322 1294//2322 1293//2322
f 1289//2323 1295//2323 1294//2323
f 1290//2324 1296//2324 1295//2324
f 1291//2325 1297//2325 1296//2325
f 1286//2326 1292//2326 1297//2326
f 1293//2327 1299//2327 1298//2327
f 1294//2328 1300//2328 1299//2328
f 1295//2329 1301//2329 1300//2329
f 1296//2330 1302//2330 1301//2330
f 1297//2331 1303//2331 1302//2331
f 1292//2332 1298//2332 1303//2332
f 1299//2333 1305//2333 1304//2333
f 1300//2334 1306//2334 1305//2334
f 1301//2335 1307//2335 1306//2335
f 1302//2336 1308//2336 1307//2336
f 1303//2337 1309//2337 1308//2337
f 1298//2338 1304//2338 1309//2338
f 1305//2339 1311//2339 1310//2339
f 1306//2340 1312//2340 1311//2340
f 1307//2341 1313//2341 1312//2341
f 1308//2342 1314//2342 1313//2342
f 1309//2343 1315//2343 1314//2343
f 1304//2344 1310//2344 1315//2344
f 1311//2345 1317//2345 1316//2345
f 1312//2346 1318//2346 1317//2346
f 1313//2347 1319//2347 1318//2347
f 1314//2348 1320//2348 1319//2348
f 1315//2349 1321//2349 1320//2349
f 1310//2350 1316//2350 1321//2350
f 1317//2351 1323//2351 1322//2351
f 1318//2352 1324//2352 1323//2352
f 1319//2353 1325//2353 1324//2353
f 1320//2354 1326//2354 1325//2354
f 1321//2355 1327//2355 1326//2355
f 1316//2356 1322//2356 1327//2356
f 1323//2357 1329//2357 1328//2357
f 1324//2358 1330//2358 1329//2358
f 1325//2359 1331//2359 1330//2359
f 1326//2360 1332//2360 1331//2360
f 1327//2361 1333//2361 1332//2361
f 1322//2362 1328//2362 1333//2362
f 1329//2363 1335//2363 1334//2363
f 1330//2364 1336//2364 1335//2364
f 1331//2365 1337//2365 1336//2365
f 1332//2366 1338//2366 1337//2366
f 1333//2367 1339//2367 1338//2367
f 1328//2368 1334//2368 1339//2368
f 1335//2369 1341//2369 1340//2369
f 1336//2370 1342//2370 1341//2370
f 1337//2371 1343//2371 1342//2371
f 1338//2372 1344//2372 1343//2372
f 1339//2373 1345//2373 1344//2373
f 1334//2374 1340//2374 1345//2374
f 1341//2375 1347//2375 1346//2375
f 1342//2376 1348//2376 1347//2376
f 1343//2377 1349//2377 1348//2377
f 1344//2378 1350//2378 1349//2378
f 1345//2379 1351//2379 1350//2379
f 1340//2380 1346//2380 1351//2380
f 1347//2381 1353//2381 1352//2381
f 1348//2382 1354//2382 1353//2382
f 1349//2383 1355//2383 1354//2383
f 1350//2384 1356//2384 1355//2384
f 1356//2385 1357//2385 1351//2385
f 1346//2386 1352//2386 1357//2386
f 1353//2387 1359//2387 1358//2387
f 1354//2388 1360//2388 1359//2388
f 1355//2389 1361//2389 1360//2389
f 1356//2390 1362//2390 1361//2390
f 1362//2391 1363//2391 1357//2391
f 1352//2392 1358//2392 1363//2392
f 1359//2393 1365//2393 1364//2393
f 1365//2394 1366//2394 1360//2394
f 1361//2395 1367//2395 1366//2395
f 1362//2396 1368//2396 1367//2396
f 1363//2397 1369//2397 1368//2397
f 1358//2398 1364//2398 1369//2398
f 1365//2399 1371//2399 1370//2399
f 1371//2400 1372//2400 1366//2400
f 1367//2401 1373//2401 1372//2401
f 1368//2402 1374//2402 1373//2402
f 1369//2403 1375//2403 1374//2403
f 1364//2404 1370//2404 1375//2404
f 1371//2405 1377//2405 1376//2405
f 1372//2406 1378//2406 1377//2406
f 1373//2407 1379//2407 1378//2407
f 1374//2408 1380//2408 1379//2408
f 1375//2409 1381//2409 1380//2409
f 1370//2410 1376//2410 1381//2410
f 1377//2411 1383//2411 1382//2411
f 1378//2412 1384//2412 1383//2412
f 1379//2413 1385//2413 1384//2413
f 1380//2414 1386//2414 1385//2414
f 1381//2415 1387//2415 1386//2415
f 1376//2416 1382//2416 1387//2416
f 1383//2417 1389//2417 1388//2417
f 1384//2418 1390//2418 1389//2418
f 1385//2419 1391//2419 1390//2419
f 1386//2420 1392//2420 1391//2420
f 1387//2421 1393//2421 1392//2421
f 1382//2422 1388//2422 1393//2422
f 1389//2423 1395//2423 1394//2423
f 1390//2424 1396//2424 1395//2424
f 1391//2425 1397//2425 1396//2425
f 1392//2426 1398//2426 1397//2426
f 1393//2427 1399//2427 1398//2427
f 1388//2428 1394//2428 1399//2428
f 1395//2429 1401//2429 1400//2429
f 1396//2430 1402//2430 1401//2430
f 1397//2431 1403//2431 1402//2431
f 1398//2432 1404//2432 1403//2432
f 1399//2433 1405//2433 1404//2433
f 1394//2434 1400//2434 1405//2434
f 1401//2435 1407//2435 1406//2435
f 1402//2436 1408//2436 1407//2436
f 1403//2437 1409//2437 1408//2437
f 1404//2438 1410//2438 1409//2438
f 1405//2439 1411//2439 1410//2439
f 1400//2440 1406//2440 1411//2440
f 1407//2441 1413//2441 1412//2441
f 1408//2442 1414//2442 1413//2442
f 1409//2443 1415//2443 1414//2443
f 1410//2444 1416//2444 1415//2444
f 1411//2445 1417//2445 1416//2445
f 1406//2446 1412//2446 1417//2446
f 1413//2447 1419//2447 1418//2447
f 1414//2448 1420//2448 1419//2448
f 1415//2449 1421//2449 1420//2449
f 1416//2450 1422//2450 1421//2450
f 1417//2451 1423//2451 1422//2451
f 1412//2452 1418//2452 1423//2452
f 1419//2453 1425//2453 1424//2453
f 1420//2454 1426//2454 1425//2454
f 1421//2455 1427//2455 1426//2455
f 1422//2456 1428//2456 1427//2456
f 1423//2457 1429//2457 1428//2457
f 1418//2458 1424//2458 1429//2458
f 1425//2459 1431//2459 1430//2459
f 1426//2460 1432//2460 1431//2460
f 1427//2461 1433//2461 1432//2461
f 1428//2462 1434//2462 1433//2462
f 1429//2463 1435//2463 1434//2463
f 1424//2464 1430//2464 1435//2464
f 1431//2465 1437//2465 1436//2465
f 1432//2466 1438//2466 1437//2466
f 1433//2467 1439//2467 1438//2467
f 1434//2468 1440//2468 1439//2468
f 1435//2469 1441//2469 1440//2469
f 1430//2470 1436//2470 1441//2470
f 1437//2471 1443//2471 1442//2471
f 1438//2472 1444//2472 1443//2472
f 1439//2473 1445//2473 1444//2473
f 1440//2474 1446//2474 1445//2474
f 1441//2475 1447//2475 1446//2475
f 1436//2476 1442//2476 1447//2476
f 1443//2477 1449//2477 1448//2477
f 1444//2478 1450//2478 1449//2478
f 1445//2479 1451//2479 1450//2479
f 1446//2480 1452//2480 1451//2480
f 1447//2481 1453//2481 1452//2481
f 1442//2482 1448//2482 1453//2482
f 1449//2483 1455//2483 1454//2483
f 1450//2484 1456//2484 1455//2484
f 1451//2485 1457//2485 1456//2485
f 1452//2486 1458//2486 1457//2486
f 1453//2487 1459//2487 1458//2487
f 1448//2488 1454//2488 1459//2488
f 1455//2489 1461//2489 1460//2489
f 1456//2490 1462//2490 1461//2490
f 1457//2491 1463//2491 1462//2491
f 1458//2492 1464//2492 1463//2492
f 1459//2493 1465//2493 1464//2493
f 1454//2494 1460//2494 1465//2494
f 1461//2495 1467//2495 1466//2495
f 1462//2496 1468//2496 1467//2496
f 1463//2497 1469//2497 1468//2497
f 1463//2498 1464//2498 1470//2498
f 1464//2499 1465//2499 1471//2499
f 1465//2500 1460//2500 1466//2500
o CukeV_Leaves
v -1.688721 1.704227 -13.686859
v -1.611135 1.876542 -13.615123
v -1.737509 1.995769 -13.458147
v -1.810216 1.794299 -13.552754
v -1.810216 1.794299 -13.552754
v -1.737509 1.995769 -13.458147
v -1.611135 1.876542 -13.615123
v -1.688721 1.704227 -13.686859
v -1.101056 0.377084 -13.187449
v -1.025827 0.330697 -13.049993
v -1.121237 0.218561 -12.931005
v -1.194447 0.280800 -13.094106
v -1.194447 0.280800 -13.094106
v -1.121237 0.218561 -12.931005
v -1.025827 0.330697 -13.049993
v -1.101056 0.377084 -13.187449
v -0.513774 0.147449 -14.674792
v -0.440754 0.020834 -14.748101
v -0.539869 -0.074704 -14.878205
v -0.610279 0.074126 -14.784554
v -0.610279 0.074126 -14.784554
v -0.539869 -0.074704 -14.878205
v -0.440754 0.020834 -14.748101
v -0.513774 0.147449 -14.674792
v 0.000000 1.539567 -14.760933
v 0.136865 1.566604 -14.909742
v 0.077122 1.707712 -15.089608
v -0.067456 1.663861 -14.907930
v -0.067456 1.663861 -14.907930
v 0.077122 1.707712 -15.089608
v 0.136865 1.566604 -14.909742
v 0.000000 1.539567 -14.760933
v 0.733982 1.101125 -13.040743
v 0.823301 1.148485 -12.895281
v 0.728338 1.128897 -12.714432
v 0.639583 1.078760 -12.892525
v 0.639583 1.078760 -12.892525
v 0.728338 1.128897 -12.714432
v 0.823301 1.148485 -12.895281
v 0.733982 1.101125 -13.040743
v 1.101056 0.147094 -13.386800
v 1.181982 0.045839 -13.290206
v 1.095474 -0.111475 -13.236962
v 1.015106 0.015637 -13.348540
v 1.015106 0.015637 -13.348540
v 1.095474 -0.111475 -13.236962
v 1.181982 0.045839 -13.290206
v 1.101056 0.147094 -13.386800
v 1.468268 0.039824 -14.359495
v 1.590965 -0.049199 -14.385157
v 1.574065 -0.181424 -14.503268
v 1.440787 -0.070277 -14.463230
v 1.440787 -0.070277 -14.463230
v 1.574065 -0.181424 -14.503268
v 1.590965 -0.049199 -14.385157
v 1.468268 0.039824 -14.359495
v -1.794562 1.699995 -13.727383
v -1.854688 1.860304 -13.705477
v -1.739444 1.990026 -13.606124
v -1.684830 1.800714 -13.640156
v -1.684830 1.800714 -13.640156
v -1.739444 1.990026 -13.606124
v -1.854688 1.860304 -13.705477
v -1.794562 1.699995 -13.727383
v -1.004512 0.701949 -14.947801
v -1.085903 0.597794 -15.088412
v -0.967294 0.564379 -15.274940
v -0.889625 0.682291 -15.101615
v -0.889625 0.682291 -15.101615
v -0.967294 0.564379 -15.274940
v -1.085903 0.597794 -15.088412
v -1.004512 0.701949 -14.947801
v -0.573956 -0.081664 -14.248437
v -0.731025 -0.192251 -14.275055
v -0.711987 -0.369513 -14.411738
v -0.541115 -0.230140 -14.368790
v -0.541115 -0.230140 -14.368790
v -0.711987 -0.369513 -14.411738
v -0.731025 -0.192251 -14.275055
v -0.573956 -0.081664 -14.248437
v -0.000000 0.568820 -13.042286
v -0.027947 0.583612 -12.838764
v 0.159367 0.539825 -12.697627
v 0.171377 0.527932 -12.935614
v 0.171377 0.527932 -12.935614
v 0.159367 0.539825 -12.697627
v -0.027947 0.583612 -12.838764
v -0.000000 0.568820 -13.042286
v 0.717462 1.865430 -14.001867
v 0.639439 2.032766 -14.007561
v 0.749870 2.196833 -13.925869
v 0.824652 1.996357 -13.927774
v 0.824652 1.996357 -13.927774
v 0.749870 2.196833 -13.925869
v 0.639439 2.032766 -14.007561
v 0.717462 1.865430 -14.001867
v 0.860979 1.786463 -14.361340
v 0.778721 1.936379 -14.408629
v 0.875215 2.114039 -14.371680
v 0.956049 1.931365 -14.323358
v 0.956049 1.931365 -14.323358
v 0.875215 2.114039 -14.371680
v 0.778721 1.936379 -14.408629
v 0.860979 1.786463 -14.361340
v 1.866493 0.034715 -14.100423
v 1.756085 -0.066418 -14.071310
v 1.784021 -0.234376 -14.118521
v 1.902676 -0.106334 -14.145823
v 1.902676 -0.106334 -14.145823
v 1.784021 -0.234376 -14.118521
v 1.756085 -0.066418 -14.071310
v 1.866493 0.034715 -14.100423
v -0.540443 0.237898 -13.241487
v -0.430513 0.240124 -13.061974
v -0.531060 0.135162 -12.866174
v -0.641929 0.143209 -13.083218
v -0.641929 0.143209 -13.083218
v -0.531060 0.135162 -12.866174
v -0.430513 0.240124 -13.061974
v -0.540443 0.237898 -13.241487
v -0.026688 -0.022561 -14.444251
v 0.038539 -0.185700 -14.476759
v -0.083137 -0.319726 -14.577122
v -0.142719 -0.126870 -14.531326
v -0.142719 -0.126870 -14.531326
v -0.083137 -0.319726 -14.577122
v 0.038539 -0.185700 -14.476759
v -0.026688 -0.022561 -14.444251
v 0.673896 1.511609 -14.758423
v 0.740834 1.603526 -14.883369
v 0.633977 1.750909 -14.955194
v 0.571030 1.635062 -14.810570
v 0.571030 1.635062 -14.810570
v 0.633977 1.750909 -14.955194
v 0.740834 1.603526 -14.883369
v 0.673896 1.511609 -14.758423
v 1.094328 1.814543 -13.802270
v 1.216444 1.934802 -13.850495
v 1.176313 2.133252 -13.811193
v 1.045998 1.981122 -13.762074
v 1.045998 1.981122 -13.762074
v 1.176313 2.133252 -13.811193
v 1.216444 1.934802 -13.850495
v 1.094328 1.814543 -13.802270
v 1.691391 1.399485 -14.460334
v 1.729991 1.490152 -14.542468
v 1.777170 1.619158 -14.485773
v 1.729991 1.506524 -14.401095
v 1.729991 1.506524 -14.401095
v 1.777170 1.619158 -14.485773
v 1.729991 1.490152 -14.542468
v 1.691391 1.399485 -14.460334
v -0.052707 0.133653 -13.660623
v -0.125494 0.076749 -13.541444
v -0.214456 -0.071880 -13.564003
v -0.125494 0.005577 -13.692843
v -0.125494 0.005577 -13.692843
v -0.214456 -0.071880 -13.564003
v -0.125494 0.076749 -13.541444
v -0.052707 0.133653 -13.660623
v 1.078088 1.254553 -13.326425
v 1.046158 1.375617 -13.242009
v 1.007132 1.349275 -13.073545
v 1.046158 1.218739 -13.183248
v 1.046158 1.218739 -13.183248
v 1.007132 1.349275 -13.073545
v 1.046158 1.375617 -13.242009
v 1.078088 1.254553 -13.326425
v -1.998116 0.399643 -14.419931
v -1.905877 0.281778 -14.397474
v -1.793140 0.240995 -14.525390
v -1.905877 0.374725 -14.537300
v -1.905877 0.374725 -14.537300
v -1.793140 0.240995 -14.525390
v -1.905877 0.281778 -14.397474
v -1.998116 0.399643 -14.419931
v -1.921477 1.483419 -14.250800
v -1.838801 1.508821 -14.352007
v -1.737751 1.624046 -14.334835
v -1.838801 1.584582 -14.225225
v -1.838801 1.584582 -14.225225
v -1.737751 1.624046 -14.334835
v -1.838801 1.508821 -14.352007
v -1.921477 1.483419 -14.250800
v -1.831569 1.413120 -14.406289
v -1.843750 1.521348 -14.485335
v -1.858637 1.660271 -14.416197
v -1.843750 1.527328 -14.336160
v -1.843750 1.527328 -14.336160
v -1.858637 1.660271 -14.416197
v -1.843750 1.521348 -14.485335
v -1.831569 1.413120 -14.406289
vn 0.4414 -0.5070 0.7404
vn -0.4414 0.5070 -0.7404
vn 0.3612 -0.8056 -0.4696
vn -0.3612 0.8056 0.4696
vn 0.3453 0.6114 -0.7120
vn -0.3453 -0.6114 0.7120
vn 0.3781 0.7852 0.4904
vn -0.3781 -0.7852 -0.4904
vn 0.3547 -0.9311 0.0854
vn -0.3547 0.9311 -0.0854
vn 0.3658 -0.4725 -0.8018
vn -0.3658 0.4725 0.8018
vn 0.2937 0.6156 -0.7312
vn -0.2937 -0.6156 0.7312
vn 0.4282 0.2781 -0.8598
vn -0.4282 -0.2781 0.8598
vn 0.3856 -0.8340 0.3946
vn -0.3856 0.8340 -0.3946
vn 0.2695 -0.5697 0.7764
vn -0.2695 0.5697 -0.7764
vn 0.2528 0.9669 -0.0356
vn -0.2528 -0.9669 0.0356
vn 0.4173 0.1642 -0.8938
vn -0.4173 -0.1642 0.8938
vn 0.4318 -0.0472 -0.9007
vn -0.4318 0.0472 0.9007
vn 0.4050 -0.1843 0.8955
vn -0.4050 0.1843 -0.8955
vn 0.4242 -0.8707 -0.2489
vn -0.4242 0.8707 0.2489
vn 0.3670 0.3207 -0.8732
vn -0.3670 -0.3207 0.8732
vn 0.4035 0.6203 0.6726
vn -0.4035 -0.6203 -0.6726
vn 0.4397 -0.0881 0.8938
vn -0.4397 0.0881 -0.8938
vn 0.9323 -0.3592 0.0416
vn -0.9323 0.3592 -0.0416
vn 0.8145 -0.5250 0.2468
vn -0.8145 0.5250 -0.2468
vn 0.9672 0.0891 0.2380
vn -0.9672 -0.0891 -0.2380
vn 0.6808 0.6100 0.4055
vn -0.6808 -0.6100 -0.4055
vn 0.6655 -0.6407 0.3829
vn -0.6655 0.6407 -0.3829
vn 0.9941 0.1087 -0.0044
vn -0.9941 -0.1087 0.0044
vn 0.4050 -0.1844 0.8955
vn -0.4050 0.1844 -0.8955
vn 0.4035 0.6203 0.6725
vn -0.4035 -0.6203 -0.6725
s 0
usemtl CukeLeaf
f 1473//2501 1475//2501 1472//2501
f 1476//2502 1478//2502 1479//2502
f 1481//2503 1483//2503 1480//2503
f 1484//2504 1486//2504 1487//2504
f 1489//2505 1491//2505 1488//2505
f 1492//2506 1494//2506 1495//2506
f 1497//2507 1499//2507 1496//2507
f 1500//2508 1502//2508 1503//2508
f 1505//2509 1507//2509 1504//2509
f 1508//2510 1510//2510 1511//2510
f 1513//2511 1515//2511 1512//2511
f 1516//2512 1518//2512 1519//2512
f 1521//2513 1523//2513 1520//2513
f 1524//2514 1526//2514 1527//2514
f 1529//2515 1531//2515 1528//2515
f 1532//2516 1534//2516 1535//2516
f 1537//2517 1539//2517 1536//2517
f 1540//2518 1542//2518 1543//2518
f 1545//2519 1547//2519 1544//2519
f 1548//2520 1550//2520 1551//2520
f 1553//2521 1555//2521 1552//2521
f 1556//2522 1558//2522 1559//2522
f 1561//2523 1563//2523 1560//2523
f 1564//2524 1566//2524 1567//2524
f 1569//2525 1571//2525 1568//2525
f 1572//2526 1574//2526 1575//2526
f 1577//2527 1579//2527 1576//2527
f 1580//2528 1582//2528 1583//2528
f 1585//2529 1587//2529 1584//2529
f 1588//2530 1590//2530 1591//2530
f 1593//2531 1595//2531 1592//2531
f 1596//2532 1598//2532 1599//2532
f 1601//2533 1603//2533 1600//2533
f 1604//2534 1606//2534 1607//2534
f 1609//2535 1611//2535 1608//2535
f 1612//2536 1614//2536 1615//2536
f 1617//2537 1619//2537 1616//2537
f 1620//2538 1622//2538 1623//2538
f 1625//2539 1627//2539 1624//2539
f 1628//2540 1630//2540 1631//2540
f 1633//2541 1635//2541 1632//2541
f 1636//2542 1638//2542 1639//2542
f 1641//2543 1643//2543 1640//2543
f 1644//2544 1646//2544 1647//2544
f 1649//2545 1651//2545 1648//2545
f 1652//2546 1654//2546 1655//2546
f 1657//2547 1659//2547 1656//2547
f 1660//2548 1662//2548 1663//2548
f 1473//2501 1474//2501 1475//2501
f 1476//2502 1477//2502 1478//2502
f 1481//2503 1482//2503 1483//2503
f 1484//2504 1485//2504 1486//2504
f 1489//2505 1490//2505 1491//2505
f 1492//2506 1493//2506 1494//2506
f 1497//2507 1498//2507 1499//2507
f 1500//2508 1501//2508 1502//2508
f 1505//2509 1506//2509 1507//2509
f 1508//2510 1509//2510 1510//2510
f 1513//2511 1514//2511 1515//2511
f 1516//2512 1517//2512 1518//2512
f 1521//2513 1522//2513 1523//2513
f 1524//2514 1525//2514 1526//2514
f 1529//2515 1530//2515 1531//2515
f 1532//2516 1533//2516 1534//2516
f 1537//2517 1538//2517 1539//2517
f 1540//2518 1541//2518 1542//2518
f 1545//2519 1546//2519 1547//2519
f 1548//2520 1549//2520 1550//2520
f 1553//2521 1554//2521 1555//2521
f 1556//2522 1557//2522 1558//2522
f 1561//2523 1562//2523 1563//2523
f 1564//2524 1565//2524 1566//2524
f 1569//2525 1570//2525 1571//2525
f 1572//2526 1573//2526 1574//2526
f 1577//2549 1578//2549 1579//2549
f 1580//2550 1581//2550 1582//2550
f 1585//2529 1586//2529 1587//2529
f 1588//2530 1589//2530 1590//2530
f 1593//2531 1594//2531 1595//2531
f 1596//2532 1597//2532 1598//2532
f 1601//2551 1602//2551 1603//2551
f 1604//2552 1605//2552 1606//2552
f 1609//2535 1610//2535 1611//2535
f 1612//2536 1613//2536 1614//2536
f 1617//2537 1618//2537 1619//2537
f 1620//2538 1621//2538 1622//2538
f 1625//2539 1626//2539 1627//2539
f 1628//2540 1629//2540 1630//2540
f 1633//2541 1634//2541 1635//2541
f 1636//2542 1637//2542 1638//2542
f 1641//2543 1642//2543 1643//2543
f 1644//2544 1645//2544 1646//2544
f 1649//2545 1650//2545 1651//2545
f 1652//2546 1653//2546 1654//2546
f 1657//2547 1658//2547 1659//2547
f 1660//2548 1661//2548 1662//2548
